acc_mean_x,acc_std_x,acc_range_x,acc_rms_x,acc_mean_y,acc_std_y,acc_range_y,acc_rms_y,acc_mean_z,acc_std_z,acc_range_z,acc_rms_z,gyro_mean_x,gyro_std_x,gyro_range_x,gyro_rms_x,gyro_mean_y,gyro_std_y,gyro_range_y,gyro_rms_y,gyro_mean_z,gyro_std_z,gyro_range_z,gyro_rms_z,orient_mean_x,orient_std_x,orient_range_x,orient_rms_x,orient_mean_y,orient_std_y,orient_range_y,orient_rms_y,orient_mean_z,orient_std_z,orient_range_z,orient_rms_z,acc_magnitude_mean,acc_magnitude_std,acc_dom_freq_x,acc_dom_freq_magnitude_x,acc_dom_freq_y,acc_dom_freq_magnitude_y,acc_dom_freq_z,acc_dom_freq_magnitude_z,gyro_dom_freq_x,gyro_dom_freq_magnitude_x,gyro_dom_freq_y,gyro_dom_freq_magnitude_y,gyro_dom_freq_z,gyro_dom_freq_magnitude_z,orient_dom_freq_x,orient_dom_freq_magnitude_x,orient_dom_freq_y,orient_dom_freq_magnitude_y,orient_dom_freq_z,orient_dom_freq_magnitude_z,Label
-9.38791393470764,1.20062532411587,5.62457799911499,9.46407223185192,-0.347590212464333,2.98675270335704,10.6745483875275,3.00097115946947,0.117138713158667,1.25086188038765,6.56370389461517,1.25384141746561,-0.591109521215782,0.550496004266534,2.18585824966431,0.806996984741899,0.203643793414463,0.326377463745577,1.80876570940018,0.384144444762467,0.368529081135988,1.01643398258059,3.30435290932655,1.07926788723829,125.53961190051,27.1705578267817,78.1405196523424,128.434732108953,-3.58600052007741,9.2308327436549,48.7416488890111,9.88568863452423,90.1799611868426,5.54251491597639,28.3683027930559,90.3494437911374,9.89358331850136,1.5075507842758,0,9.38791393470764,0.8,2.51913787963778,0.4,1.44890387523325,0.4,0.695360887763406,0,0.203643793414463,0.4,0.874037519598242,0,125.53961190051,0.4,6.44306667394666,0,90.1799611868426,0
-9.32137675285339,1.25392956178433,6.89410400390625,9.40500476114545,-0.195924706065096,2.19599763272591,9.27034902572632,2.20034144417923,-0.963886453554034,0.799358771852971,3.77086770534515,1.25119768370099,-0.528767825175077,0.458324286162177,1.22927888482809,0.699154002792879,0.140564954492263,0.197087677276202,1.08440721035004,0.241757491622088,0.163952677693334,0.783660122842557,3.65601289272308,0.799091469047125,120.821479971613,22.282259322561,59.5200169559186,122.850897866994,-3.12113947611413,3.47976533168608,23.7204461477741,4.66924440631542,97.2108395922565,2.43460625279331,10.8441000999325,97.2411997694761,9.65812807829029,1.26016935464654,0,9.32137675285339,0.8,1.77652677563256,0,0.963886453554034,0.4,0.620986428209525,0,0.140564954492263,0.4,0.584967057080344,0,120.821479971613,0,3.12113947611413,0,97.2108395922566,0
-9.33112831401825,1.16285064786003,6.94677662849426,9.40301910853023,0.585727078914642,1.34310396799383,7.87632524967194,1.46280168400891,-1.09896731179953,1.17434032828491,5.15531492233276,1.60663874539787,-0.757827013008296,0.552255218111285,1.80663514137268,0.937052647545747,0.218009525381029,0.365675284973937,2.42353826761246,0.425101980166487,0.00549127557838801,0.610588552153956,3.39716118574142,0.609390893112833,125.683777823472,34.7851348516851,106.289771448527,130.390097753638,-5.54175971322307,2.59382759247407,17.210855812118,6.11654563722565,97.8294964619163,5.69782492472685,22.4293645172706,97.9946209035447,9.58455871857066,1.13101553267373,0,9.33112831401825,0.8,0.95681443995734,0.4,1.16642538182181,0,0.757827013008296,0,0.218009525381029,0.4,0.368191604644964,0,125.683777823472,0,5.54175971322307,0,97.8294964619163,0
-9.35673194313049,0.789595903556496,4.03423023223877,9.38985625554236,0.261600047722459,2.19390680999806,9.58698236942291,2.20508702040541,-0.961650265455246,0.994500401172367,4.75727891921997,1.38197183646788,-0.619870813183486,0.434040692652654,1.54884883761406,0.756225880688858,0.204078407924855,0.223704644636116,1.55097928643227,0.302475766865359,0.187801646770909,0.807562554878687,3.40874570608139,0.827537376468211,123.80625031785,25.9164537941385,80.3221093940012,126.479103193851,-5.98792164562932,5.05887446630001,29.851608998692,7.8323079393315,96.4984216832561,4.71450742521546,21.5669711722864,96.6130584408799,9.6904094809292,1.02067951026115,0,9.35673194313049,0.8,1.75333044635798,0.4,0.968142000282342,0,0.619870813183486,0,0.204078407924855,0.4,0.617539680195899,0,123.80625031785,0,5.98792164562932,0,96.4984216832561,0
-9.22369562149048,1.54838392788872,9.30446624755859,9.35224378076695,-1.42053015892208,3.15390008642672,11.3449249267578,3.45328877225016,-0.285781494289637,1.64030072860178,7.23408055305481,1.66177471301285,-0.527617374263704,0.345906152312109,1.32834559679031,0.630517688544472,0.370195108632906,0.636509214243659,3.05189257860184,0.735233175498455,0.418867733627209,1.00726003242252,3.40448465943336,1.08902004577425,134.650082510442,40.2350364768496,358.528500402747,140.509883807941,3.30608239748488,16.2230643573873,71.0301847239929,16.52468597869,92.5281251311872,11.172861144375,62.8030225125661,93.1975720453034,9.98095867335383,1.59430028874671,0,9.22369562149048,0.4,3.16232289122575,0.4,1.29252888637626,0,0.527617374263704,0.8,0.49348274981593,0.4,1.01669079466692,0,134.650082510442,0.4,13.268035522156,0,92.5281251311872,0
8.65559935092926,1.90411715010373,7.32565832138062,8.86174698333466,-3.08520901197195,4.50602921699281,14.9146792441607,5.45358567868226,1.43302548596635,1.27235609951149,4.68066430091858,1.91467400024582,0.557228720422834,0.682231982853051,2.31901234388351,0.879819619795992,0.0698654393441975,0.41261561376168,2.29677551984787,0.417674296259424,-0.509553684860468,1.24754313658568,4.05867099761963,1.34528189606727,43.6983226515402,143.440778782173,359.62436327394,149.674645121089,8.38003079981651,14.6742261764556,67.3190242769115,16.8729516809637,-79.7246021231441,2.40068807115038,15.0759691964565,79.7605944918651,10.3084165658628,2.38693750774805,0,8.65559935092926,0.4,4.14415353226492,0,1.43302548596635,0.4,0.888551213537457,1.6,0.300833935656957,0.4,1.28883978989816,0.4,147.795788450029,0.4,12.3540220776454,0,79.7246021231441,0
8.23362129592896,2.08050981880625,8.13011026382446,8.49139132689687,-3.60952960102633,4.60817615836684,15.8101105690002,5.84628517070453,1.86027077631652,1.69726825303422,7.28735136985779,2.51591017444663,0.298586948191863,0.993428411805812,3.66027367115021,1.03542579404611,0.167490850589238,0.561789988711377,2.79317420721054,0.585148480713887,-0.54287790291477,1.2013516917461,4.51139503717422,1.3161266356948,49.9114369056673,136.779870718441,359.533166588142,145.344589289064,10.7071103294688,19.0205962348004,65.8733308558176,21.7939936773922,-75.5427538623652,5.44497684979908,40.358488145149,75.7379484995016,10.3854626843714,2.18491216431601,0,8.23362129592896,0.4,4.96012407856657,0,1.86027077631652,0.4,1.28071742769729,0.8,0.439776181356185,0.4,1.34116435834213,0.4,133.058101579639,0.4,17.6699482050141,0,75.5427538623652,0
6.91307544803619,1.4278128832954,6.71214413642883,7.05840684442504,-3.27616097778175,4.29828547419909,14.5836811959743,5.397646499909,5.34014956188202,1.76554972843208,5.42346525192261,5.62333482227948,0.282799128888291,0.261555800298576,1.18666961789131,0.384854697545873,0.149727023948915,0.511863028398167,2.29357981681824,0.532328776699304,-0.290851756319404,1.38038536147609,4.45387244224548,1.40799028240498,56.3225131279807,150.792125395412,359.761499812096,160.684590132322,10.0546444953143,10.7914153743934,55.1190721827414,14.7337945936109,-54.167290402707,11.8196274943968,31.4760832616413,55.4368120412878,10.2517579459036,2.34543229963243,0,6.91307544803619,0.4,3.80727009764896,0,5.34014956188202,0,0.282799128888291,0.8,0.381136489141068,0.4,1.40756298615767,0.4,162.597186133398,0,10.0546444953143,0,54.1672904027071,0
6.85394113063812,2.161585034208,7.56029033660889,7.1854205919295,-4.26655835938454,4.37980502320626,13.1944451630116,6.10814877906323,4.00247795820236,1.13344978634012,4.29759228229523,4.15925466765112,0.533491068162024,0.368666359470001,1.33154127001762,0.648061682924628,0.190143561565434,0.391315759086386,2.07414180040359,0.434361698611773,-0.311214751563501,1.1339599587044,3.76573199033737,1.17370198465532,149.755356087118,22.7774701588549,65.8695793744159,151.470804351959,21.7968451392139,26.3481734927728,72.9121191257244,34.1548210278213,-57.8977573613172,7.52689018870719,29.127468074019,58.3830263610852,10.1223405068839,1.94744520190654,0,6.85394113063812,0.4,5.14270683275437,0,4.00247795820236,0,0.533491068162024,0.8,0.314616746313744,0.4,1.34926526966237,0,149.755356087118,0.4,29.2144548428184,0,57.8977573613172,0
8.38258129638433,2.17747992690104,11.1629652380943,8.6596837325171,-2.89500884020329,4.2924282926887,15.0960399806499,5.17033046043849,2.75341814130545,1.18761448266714,7.14788913726807,2.99768208916037,0.500771372564137,0.678613781681156,2.3744044303894,0.842286510404042,0.147211475846358,0.685691545939743,5.21657919883728,0.699973873233426,-0.419894085079432,1.27619664740828,4.53909116983414,1.34107203908269,81.0178454948596,122.794782482499,359.864403442131,146.908596273783,8.13754516386194,14.0780640381532,57.793737015843,16.2363407456232,-72.0131813726804,4.70895969020979,21.1883396356468,72.1663626322758,10.2672758998147,2.30495862417389,0,8.38258129638433,0.4,3.85850913664574,0,2.75341814130545,0.4,0.87026608262164,2.8,0.385822876936915,0.4,1.28326580837502,0.8,94.3252126915926,0.4,10.7704554122181,0,72.0131813726804,0
7.95580779838562,1.4646573533483,4.89674043655396,8.08897508977002,-3.97014666080475,2.24092088680509,9.346963763237,4.55672075329778,3.14887083768845,0.829710094015585,3.81336462497711,3.25592578496434,-0.514033520966768,0.716649246020493,2.30303382873535,0.88077367009462,0.0199363673562184,0.495280144254478,2.32766735553741,0.494690479341303,-0.538497662414797,0.643765819234034,2.30636259168386,0.838305686918686,40.8758289393024,136.54138583588,359.238239019781,142.266683511193,19.8995811573856,7.77475754459915,38.2881143737455,21.3588014105934,-69.8807676406684,5.35976600670308,28.1124439067472,70.0851900855602,9.75080220576327,1.31340443602979,0,7.95580779838562,0,3.97014666080475,0,3.14887083768845,0.4,0.925408558612607,0.4,0.486549175670325,0.4,0.5477522804481,0.4,152.996101748185,0,19.8995811573856,0,69.8807676406683,1
8.80814106655121,1.78115828730597,6.76002836227417,8.98572110591726,-2.57718575501442,3.14801343554838,12.1110693216324,4.06352495401231,0.946964233763516,0.455042041248933,2.48218861222267,1.05022676898568,-0.454346385123208,0.415958547529985,1.33367174863815,0.615434858360109,0.0149952851115959,0.199869407177017,1.00557997822762,0.200032115874349,-0.460426735427231,0.96681293557883,3.41313964128494,1.06910295205332,69.9432059105886,132.470898064097,359.594406064241,149.567365195833,10.7117155344109,9.16344302329528,43.6494141599127,14.084518556882,-84.5478451992166,2.89191487405544,10.2522983592967,84.5970912430381,9.73734973480448,1.88590610076123,0,8.80814106655121,0,2.57718575501442,0,0.946964233763516,0.4,0.554622739360327,0.4,0.108906375227893,0.4,0.791335271029372,0.4,129.953865003753,0,10.7117155344109,0,84.5478451992166,1
8.37475236463547,1.9301762694646,8.62870311737061,8.59343675594618,-3.82040132427216,3.4455546935507,11.6992665529251,5.14002198790673,1.81870743240044,0.81402938419031,3.42071563005447,1.99190611918347,-0.505498875883408,0.468502650026647,1.48813056945801,0.688582506072477,0.0892367015267955,0.309491694053856,2.06455475091934,0.32150452120142,-0.570500460504903,0.947392733584093,3.61127305030823,1.10427965439813,41.0318808394208,141.426959245174,359.473661980093,146.987052856199,17.7497772788032,14.2673094572488,59.6279902938655,22.7551420149254,-79.0815522437317,3.47985280985969,21.0153719251053,79.1577718442987,10.0000088092668,2.06191685606452,0,8.37475236463547,0,3.82040132427216,0,1.81870743240044,0.4,0.633802426711704,4.4,0.184138868133212,0.4,0.859085204927868,0.4,160.706157242255,0,17.7497772788032,0,79.0815522437317,1
8.7445726480484,1.9498854839312,8.71968221664429,8.958481790116,-2.85163787770271,3.1088806317303,12.8730237483978,4.2140617950817,0.314736966408789,1.21654646411888,5.02123963832855,1.25424268631989,-0.63117080640886,0.458661130419297,1.69372048974037,0.779682717065146,0.00277440024539828,0.377526463941383,1.8568342924118,0.376780869138683,-0.347351184907719,0.883505854047883,3.54629394412041,0.947688297604823,11.8206395663259,149.41440552613,359.332331705787,149.583065352227,11.1911919386361,7.22800664257578,38.3047300895621,13.3145739966554,-89.6039883003254,6.60180921421604,27.0535118683959,89.8458917741159,9.78713165566091,1.95272733471142,0,8.7445726480484,0,2.85163787770271,0.4,1.54175125450075,0,0.63117080640886,0.4,0.363078369829245,0.4,0.669331209656379,0.4,185.52045618042,0,11.1911919386361,0,89.6039883003254,1
8.19549839878082,1.76594696320726,7.35438942909241,8.3828568165377,-4.37150348377228,2.95445231179515,8.38868403434753,5.27294187503088,0.446939991063438,0.831227115519047,3.70323139429092,0.942300439942381,-0.617919307565317,0.482216346186475,1.686263859272,0.783215643851243,-0.00326547189708799,0.324426184378751,1.86535620689392,0.323793148508155,-0.44296916413994,0.66150799685421,2.05390244722366,0.795024615317852,68.9592355535481,123.620726704457,359.399199257762,141.337652105814,22.3292023544133,16.4934535939882,58.9872562242421,27.740568725164,-86.4454576410746,8.16408695070547,35.0551672735251,86.8285831581429,9.88558811685114,1.1154636541676,0,8.19549839878082,0,4.37150348377228,0.4,0.645320962593453,0,0.617919307565317,2,0.229253190816929,0.4,0.669947683659326,0.4,118.918317745232,0,22.3292023544133,0,86.4454576410746,1
-9.09867767333984,1.23410027652103,5.15052700042725,9.18165817714165,-1.61373502914701,2.39473030883807,9.73961216211319,2.88373630267323,2.02661032572389,1.26868079008443,7.4495587348938,2.3896154828071,0.387311270754784,0.663646864660403,2.01329046487808,0.767251896565511,0.0115141037871363,0.244700965708563,1.62448033690453,0.244482357143106,0.198015101542696,0.718113185539738,2.73764878511429,0.743527929197021,20.1361733094797,154.16362124346,359.311103477847,155.16707737786,4.15299892989405,5.44265606121427,28.5887059539396,6.83750064660844,79.1625922469886,4.23662771365272,12.7517582747387,79.2754263917233,9.82044356777632,1.37677677572672,0,9.09867767333984,0.8,1.99150252524158,0,2.02661032572389,0.4,0.848295259460538,0.4,0.164161065108421,0.4,0.607399742608617,0.4,190.122742452139,0,4.15299892989405,0,79.1625922469886,1
-8.87348854351044,1.82623610656584,7.34421420097351,9.05873041300314,-2.4574517273833,4.02209896851807,13.2088109254837,4.70655287705589,1.55121046528965,1.28377155891158,5.00627565383911,2.01189737447826,0.501133548166603,0.712564075755151,2.1389878988266,0.869972071337129,-0.117357254363596,0.389337289094541,1.89411744475365,0.40589397104728,0.369575140140951,1.10547628442455,3.56759852170944,1.16351849507157,88.1132049021897,96.9689206732415,359.705246374092,130.878938597326,5.04513860472173,10.5840542262894,49.3884453918531,11.7058762418892,80.103086318943,4.42574345236026,17.4183757421232,80.2247673359401,10.146868311355,2.30701549179035,0,8.87348854351044,0.4,3.59852588745926,0,1.55121046528965,0.4,0.904934360192753,0.8,0.294417023679764,0.4,1.10312787540245,0,88.1132049021897,0.4,7.90780291005786,0,80.103086318943,1
-8.91474542236328,1.76680353501002,7.79013347625732,9.08745257472883,-1.88283613344794,3.93484086500862,13.2034238278866,4.35501006288473,1.47971002423763,0.830731543696996,3.45423452556133,1.69614156069939,0.484950530883856,0.484458975092482,1.60956710577011,0.684791000202252,-0.0805582472792594,0.373719886419404,2.25629675388336,0.381572428899176,0.381774718714878,1.05384532264775,3.43337917327881,1.11888316640304,126.783646709897,30.7810884322194,96.4580146666169,130.452208017005,2.9224977634995,9.38297745737867,44.0887229627047,9.80964311682505,81.2211873025269,2.27933034944364,11.1785198220746,81.2530358342793,10.0073035428637,2.07264622891924,0,8.91474542236328,0.4,3.48733779995517,0,1.47971002423763,0.4,0.53967838347428,1.2,0.235289112640415,0.4,0.936729302052162,0,126.783646709897,0.8,6.92060571739302,0,81.2211873025269,1
-8.8487852268219,1.51347446210927,5.73949956893921,8.9767723886756,-1.95268216909934,4.26836813219907,14.4250655174255,4.68604932746586,1.72794802752137,1.16263889582773,4.92487287521362,2.08137614839273,0.536699550706893,0.724727446847975,2.26255488395691,0.900652741324261,-0.126223188995384,0.351103633142973,1.72687593102455,0.372441887549635,0.347271291119978,1.21347101399781,4.24402141571045,1.25984888135116,85.7957827513748,101.309493136274,359.630483123437,132.602697121332,1.0577004794715,9.05295012660758,47.8897765966697,9.09652750642459,79.3777879572435,4.52304569090717,16.2274844490073,79.5060333027491,10.100329400991,2.2082752087765,0,8.8487852268219,0.4,3.67492650953988,0,1.72794802752137,0.4,0.862323702351508,2,0.242553774228012,0.4,1.11827670475074,0,85.7957827513748,0.8,6.86765762339098,0,79.3777879572435,1
-9.1592150220871,1.68620203765433,8.16422820091248,9.31252511531477,0.444538608312607,1.48541725069088,9.72105777263641,1.5476605329645,0.762170170705766,0.797937204536302,3.54042568802834,1.10229775304467,0.665486221954226,0.472362389869531,2.32433843612671,0.815540087343786,-0.159433426662348,0.237606623654394,1.07814899086952,0.285744811871224,-0.0384884666193975,0.36032496136661,2.62167173624039,0.361657439485801,63.7855654420324,145.569402829798,359.751404792503,158.66407153109,1.62590472419473,8.57405647558646,33.2081539214726,8.70999155228745,82.1724671720864,5.9179144525109,26.4615735239768,82.38444019212,9.428517150164,1.20094584297798,0,9.1592150220871,0.4,0.993475792801777,0.8,0.773925898734719,0,0.665486221954226,0.8,0.201949287095656,1.2,0.226345262841104,0.4,157.917497761688,0.4,9.84308891279279,0,82.1724671720864,1
-1.3252265570173,0.85402043341333,3.43508093059063,1.57564555802017,4.53460357537866,6.96960260443665,19.8922252655029,8.30323362358016,4.32242471472919,2.90644098203187,10.104129716754,5.20547452205925,0.909867725754273,1.10377639653078,3.1062194108963,1.42874361680939,0.0401731326888548,0.257229557869559,1.63513273000717,0.259838907498546,0.278274017430376,0.522076650412285,1.60543936491013,0.590686212440183,160.388795066706,10.7866063759058,29.1296639798372,160.749653363701,-45.9687852608111,40.7149658765885,134.55885208351,61.3531322012251,21.2320163251533,11.561870767567,36.1506324329418,24.1648642755326,9.84282832169043,1.28399287873728,0,1.3252265570173,0.4,7.96876708654586,0,4.32242471472919,0.4,1.42411386147489,0.8,0.230148904522602,0.4,0.647482242792593,0,160.388795066706,0,45.9687852608111,0,21.2320163251533,2
-1.19774010208249,1.43438964978221,5.22714108228683,1.86650077012288,-0.0286585873365402,8.29897099717277,20.4285259246826,8.28240600599217,4.32637516168505,3.05207464289379,11.0097366571426,5.29106993215337,0.970632879947778,1.03503757312252,3.13071988523006,1.41744338662959,0.046865460576606,0.327433278884946,1.67574471235275,0.330121300900016,0.360295363835059,0.563389647810506,1.79292032122612,0.667795637062749,70.5416453110221,148.304492100594,358.417632772139,163.958437449532,-13.3047863040059,60.7871334572549,146.953002143874,62.1072671284897,20.7404154145164,22.2374459426677,63.5014870486017,30.3758262045918,9.91296061367309,1.34832458570688,0.8,1.35488145985825,0.4,10.9000304697473,0,4.32637516168505,0.4,1.39610120071103,0.8,0.304212799995605,0.4,0.690304980601451,0.4,155.074382212761,0.4,78.3230256158773,0.4,22.3064250807395,2
-0.537404908716679,1.67098177595428,5.87357521057129,1.75208887077733,1.7247900801301,7.95068040592962,19.2505779266357,8.12005951099371,4.67565326023102,2.79365167508049,8.34618711471558,5.44380428862595,0.959111315882765,0.866888982112482,2.68119145929813,1.29165979945694,-0.196389023212716,0.316253255089467,1.433936804533,0.37173203427699,0.408492363199708,0.452124903118927,1.37734633684158,0.60865858336238,138.500019258467,17.3314932983036,65.5395719544776,139.575909353674,-22.0831714341315,55.2589654939417,145.927811240023,59.4054333792797,-3.47518274019239,20.3648377848268,62.3241169687215,20.6190350552113,9.88066450993209,1.00832670259633,0.4,2.23413791207343,0.4,10.1500036182107,0,4.67565326023102,0.4,1.20024304718743,0.8,0.304782572719807,0.4,0.618226436211296,0,138.500019258467,0.4,68.0130445074641,0.4,27.6365788217173,2
-0.652690505875275,0.807938465822516,2.92212325334549,1.03738054866917,4.43861291003227,6.70952571620114,19.6234760284424,8.0336136924876,4.49829078902304,3.25479769816684,9.55286520346999,5.54850910122509,0.933596852375194,0.864941401295524,2.74617078900337,1.27150863777217,-0.05868475232739,0.187397824930505,0.788272440433502,0.196013706574965,0.196212726622005,0.363508622787009,1.06203730404377,0.412443206821967,148.700287804818,10.0728931530759,33.920030814604,149.039702485623,-44.921032651284,43.171175769742,136.699494841094,62.243028446006,8.63630651109916,9.73463073911456,36.4279665679191,12.9988373956312,9.77805640428745,0.89098201983598,0.4,1.01521205341741,0.4,7.70989992672009,0,4.49829078902304,0.4,1.10133776006229,0.4,0.201749617317012,0.4,0.451498167079545,0,148.700287804818,0.4,49.8081694078382,0.4,10.7386981109887,2
-1.13076230195165,0.671955774477761,2.26611179858446,1.31466415791927,4.38455909734964,6.62459829374805,19.1590003967285,7.93310278651846,4.83616531562805,2.83138053379965,8.33122301101685,5.60117343280447,0.894204535309225,0.849263050029168,2.46175353229046,1.23205701499559,-0.110408207309316,0.189061258252346,0.714771375060081,0.218611882055229,0.214189599168953,0.451880722524422,1.49026098847389,0.499256033545708,151.881160723183,14.5542641436673,36.3099823070831,152.574133721827,-42.4597790779638,40.5770401060253,130.353514856817,58.6748927428113,16.0435975694643,10.1351282922916,27.5481964298837,18.9659422431401,9.76552817121067,0.820217078249258,0,1.13076230195165,0.4,7.56358597560557,0,4.83616531562805,0.4,1.06840656269641,0.4,0.196383994986026,0.4,0.561126008843123,0,151.881160723183,0.4,46.4696027617508,0,16.0435975694643,2
-0.579166964486241,0.929215850880754,3.9282865524292,1.09335387770389,2.50765094932914,8.1555102191748,21.5496110916138,8.51672535843417,3.55470716771437,3.61903792486499,10.6452196836472,5.06764134561677,1.18534976070561,1.03181650836721,3.05828395485878,1.57017221377662,-0.00363350992370397,0.190958015017812,0.988536238670349,0.19061035134512,-0.297487093037809,0.287671765870639,1.11330165714025,0.413427859757541,29.6653739940275,125.118984830964,357.792684123461,128.343974295157,-33.6673820905248,55.7447337822797,156.867076365661,65.0272101501271,37.8090199400856,44.641891806536,111.289812284208,58.4332858812509,9.90158968436558,1.17262280385297,0.4,1.17329322503277,0.4,10.1234822594286,0.4,5.02008483544795,0.4,1.38441308662806,2.4,0.142929233433618,0.4,0.342381003968704,0.4,151.945216534365,0.4,66.2684714241823,0.4,59.6855544122139,2
-0.210962689753622,1.16981035578913,3.60267496109009,1.18637586788738,2.99225409162045,7.10506956202983,19.3032512664795,7.69634133703651,4.98073199402541,3.42529214407292,10.8182008266449,6.04097566320764,1.09958146411926,0.628021000072799,2.30303390324116,1.26566667462684,0.124565154475509,0.138687223502321,0.805316150188446,0.186208719152565,-0.163697021266446,0.123009109335353,0.450726717710495,0.204615323930213,72.9428622716315,122.730877326599,358.828987745092,142.559734612328,-32.3994813498793,47.2534016129429,143.317579316622,57.2160713425806,22.2075063804719,38.4677156336947,116.732061764871,44.3510927162928,9.82950371755585,0.719354704487734,0.4,1.43773033658455,0.4,8.525466089998,0,4.98073199402541,0,1.09958146411926,0,0.124565154475509,0,0.163697021266446,0.4,125.762221535324,0.4,54.580116073039,0.4,40.1748315726097,2
0.691328133136034,1.10095739171673,4.17728352546692,1.29814996719469,-4.01787999302894,6.77334674703629,19.0392904281616,7.86371876972638,5.62371161365509,2.22382732973887,6.32907176017761,6.04580504764111,0.990182032301207,0.859589803198414,2.38718710467219,1.31011431117128,0.219272892175242,0.255809238726365,1.15684309601784,0.336537092152094,-0.277077762816451,0.295491174723688,0.894928871653974,0.404645351943644,134.756328152039,15.4221375899796,55.6859585672237,135.632440572132,21.0825997838592,51.5458083377027,142.579365640937,55.5951300871292,-6.11769601151086,11.878550672429,45.5207246292771,13.3402312836926,9.95329220810517,1.00550648630733,0.4,1.22381288373569,0.4,8.24573049972089,0,5.62371161365509,0.4,1.08827406297906,0.4,0.247423758892897,0.4,0.360219597148659,0,134.756328152039,0.4,63.931801196892,0.4,12.8273770190284,2
0.202812823981047,1.49260422757543,4.8775874376297,1.50335922261664,3.82247716578841,6.77042083322733,19.7198429107666,7.76315499967227,4.14903183349967,4.04907707594667,12.2457435131073,5.79171047460788,1.05136901332065,0.671243469557213,2.11661800742149,1.24665244812352,0.123738532982767,0.21498733638882,1.28893196582794,0.247681047181767,-0.31192845830298,0.265032094498837,0.942864388227463,0.408974823392904,59.7256370141647,117.845555479438,358.245484684298,131.905937558625,-39.6487038113106,44.3282666992536,136.652106988633,59.4066912187756,35.7698425379548,60.1140917415317,154.226296421197,69.8479122450753,9.77623662043994,0.705523434964323,0.4,1.94120123006019,0.4,7.93247578638736,0.4,5.35933583102176,0,1.05136901332065,0.8,0.137700555918969,0.4,0.325062252092565,0.4,134.141709945448,0.4,52.0838512694982,0.4,71.4679695556532,2
0.821412300143391,1.16358017258951,4.30716890096664,1.42239984167537,0.671195302009583,7.78475858308913,20.0071468353271,7.79811255789705,5.33308426370844,2.64614201529431,9.70669203996658,5.95112149587454,1.08553742870688,0.589118490133845,2.01222521066666,1.23452981420437,0.0664375182922231,0.183337261839577,0.977883905172348,0.194658791759704,-0.355310605495237,0.210474248522051,0.772427082061768,0.412756390660581,115.091465735141,86.1707431104124,358.355054578964,143.672338553359,-15.6887336494328,54.5228394043282,155.798705005877,56.6302518109019,-1.25338145585202,18.2914357973334,81.3945549616253,18.2977944602002,9.88158147613677,0.778717515042085,0.4,1.49649244478401,0.4,9.89083949383736,0,5.33308426370844,0,1.08553742870688,0.8,0.133838493715812,0,0.355310605495237,0,115.091465735141,0.4,64.4161819159339,0.4,19.5317092017943,2
-0.478801996026188,11.2972526747643,44.5507068634033,11.2847976356193,5.32541806556284,2.04240910807297,11.660959482193,5.70217737341654,0.664503499172628,2.84913607502813,17.8942637443542,2.92004639842302,0.155334945557639,1.26240468232616,7.0158908367157,1.26941713591025,-0.0661110241897404,1.01361092316899,5.14201295375824,1.01373968190687,0.105986426248797,3.07496096783715,9.43929624557495,3.07063454947932,23.2518530830856,123.601152196688,356.564383884261,125.526031231968,-64.3574314860659,9.84654014519309,60.7007722483063,65.1033449440445,-13.0744485059756,56.2768720431915,175.187515191468,57.6659274216005,11.7513839207319,5.51496061214425,1.6,12.9957173432193,0,5.32541806556284,1.6,2.21751324254833,0.8,0.963837656723701,1.6,0.717694804779961,1.6,3.37783367113274,1.2,90.8365317311064,0,64.3574314860659,1.6,61.1544263837942,3
-0.0353503776192665,10.7209792828429,39.893985748291,10.6995742366326,4.87820031070709,2.37625565305444,13.3764052391052,5.42409834316647,1.90882516986504,3.28102572811734,12.9885439872742,3.79020881197382,0.121843486152589,1.18039089767737,5.63854479789734,1.18431212767249,-0.0870359333232045,0.918704839194987,4.80433404445648,0.920987383693982,-0.298255124337971,3.06233884199826,9.32744693756104,3.07072688881188,21.9180519387955,131.067316478003,356.614736038823,132.628533444888,-56.7849706166623,11.3908508476602,63.7185931491071,57.9117031785175,-16.0185772619048,48.1410588862301,139.173068339582,50.6447047773045,11.37011402159,5.39484374305756,1.2,12.9200045543717,0,4.87820031070709,1.2,3.99821087855797,1.2,1.29559334184585,1.2,0.764794352522183,1.2,3.52152024057435,1.2,124.264307056806,0,56.7849706166623,1.2,62.0074033230452,3
1.10039423921704,11.6382898583618,52.8250694274902,11.666998720564,1.24252604889497,6.15588001620645,21.4155359268188,6.26794626022086,2.69864598436654,4.9945199600565,21.3820161819458,5.66816891613286,0.748847100764513,2.04600433093393,8.4198682308197,2.1748933692563,-0.057665854582563,1.02489136961815,4.47411179542542,1.02446379195384,-0.525899148993194,3.27526464579584,10.6814908981323,3.31074296509287,41.8297758338083,114.817661102835,358.053570028999,121.983986925447,-46.8076334163251,35.3515649740947,148.739588385453,58.6147486522825,-17.4210578067192,50.4184291622435,168.822386771852,53.2479406390188,12.8404294612177,6.54437429550324,1.2,10.4743197892703,0.4,5.02690973411114,1.2,4.01668952139487,0.4,1.99995328140006,1.2,0.841933153346884,1.2,3.10649367202242,1.2,75.1697293381231,0,46.8076334163251,1.2,48.716700023531,3
0.672895190387964,9.45707831801146,37.0341091156006,9.462101929751,4.93954934751987,2.37219910741385,14.4107003211975,5.47758770330318,2.18640175075829,3.91709272232227,17.0610814094543,4.47912865961762,-0.0252598682874814,1.52204128328981,7.21082854270935,1.51920416347252,-0.249806732067838,1.06116657878776,5.24747097492218,1.08810551569726,-0.548192880481482,2.73272597297341,8.7286524772644,2.78180436274743,48.1675171619468,122.746667174774,359.534942437327,131.63049431971,-54.5547106135442,9.85425769904601,61.1071437444863,55.4340546897624,-24.0924300092109,45.9672415875805,142.518959447918,51.8167977949529,10.8659463594177,4.64925861430528,1.2,11.2054195041638,0,4.93954934751987,1.2,4.8785110349889,1.2,1.88802782878945,1.2,1.16398197112443,1.2,3.05299021040545,2.4,100.13047152745,0,54.5547106135442,1.2,59.3733363165359,3
0.818160959094763,10.4351335681757,40.6080551147461,10.446331025308,5.16236812067032,1.85197726903616,9.0644474029541,5.48326044786491,2.13419618353993,2.07393759054042,11.2108497619629,2.97301288439441,0.0354648024877533,0.455727348584344,2.09531337022781,0.456195592699251,-0.109234852369875,0.838564430633167,3.97984373569489,0.843984476206821,0.41159006510675,2.99847505558453,9.44888353347778,3.02064490300025,39.3400141039689,118.57227089426,358.368537372385,124.702777038132,-55.0828748703811,12.4531962523164,42.515963903943,56.467555928136,-11.8780950397172,51.9968200070134,140.698748185055,53.2347983508056,11.3383879338718,4.42153157481716,1.2,12.7602321134013,0,5.16236812067032,0,2.13419618353993,1.2,0.335912953884114,1.2,0.620126698357985,1.2,3.53991570996155,1.2,80.6513601204692,0,55.0828748703811,1.2,59.9939253991388,3
-2.49254829254746,13.0166485153849,45.1690082550049,13.2275546874492,2.24823441004753,2.47169735771763,11.2539451122284,3.33757526347459,1.98155864405632,2.47872808549419,9.99399662017822,3.16955694221838,-0.0786855680448934,0.605587090403795,3.15095937252045,0.609475347972358,0.134519223060459,1.51686747551272,8.1353178024292,1.51979564806853,0.246703714162111,4.30030315546085,12.1930565834045,4.29877884084916,-1.85165111538573,142.113875611779,359.748536113051,141.841449649556,-45.6248270941156,12.3408587780088,53.6068199555678,47.2579353713764,13.8410408756251,45.8005136320421,143.540646464725,47.7584622164886,12.7471970008615,5.81359294513628,1.2,17.2095309182398,0,2.24823441004753,0.4,2.41803506391647,2.4,0.575372037060501,1.2,1.60773471887131,1.2,5.84252666461289,1.2,162.120289588498,0,45.6248270941156,1.2,60.2140718092322,3
-1.90605027112365,10.664052151593,39.1038990020752,10.8120371759802,4.18275177095085,1.71826807573729,8.63349145650864,4.52062471089672,2.56450126624107,1.7252202236781,7.5938093662262,3.08887455644596,0.104551557078958,0.42760367816328,1.8460488319397,0.43936835803695,0.183607293711975,1.09478561466431,5.17716574668884,1.10791378645265,-0.421250129034743,3.28424813039756,10.1530022621155,3.30463194775206,8.64110290616951,144.896146940166,358.704487056901,144.864013764457,-46.0999057239494,10.3311037797217,38.1009791433182,47.2388196957034,19.198065477984,42.4090196709182,123.343029183283,46.4746873873025,11.2894272016892,4.41635504941108,1.2,13.9515325434279,0,4.18275177095085,0,2.56450126624107,1.2,0.277275719259403,1.2,1.21755847191708,1.2,3.99759800679099,1.2,136.414268994417,0,46.0999057239494,1.2,54.3069873798034,3
-1.13781084717065,10.3822526604934,38.1019229888916,10.4237526423566,2.14480248463154,4.65428528853798,19.9257431030273,5.11623882935446,3.50769224597514,2.90657982277813,12.657546043396,4.55173794649806,0.737939651221037,1.5382011582175,5.74706548452377,1.70327727653876,0.000852186981588602,1.42855014592014,6.79312419891357,1.42569043749107,0.452986074216664,3.1993979170927,10.1604590415955,3.22496493425956,51.7657477240366,131.231284006751,358.257464836102,140.827752733191,-41.776370454701,20.9472208350984,98.6468546540796,46.7150515876835,10.7900385113077,40.003271232616,128.506542912786,41.355599301044,11.4373664606511,4.98345512534631,1.2,13.0156864000263,0.8,3.9496098285116,0,3.50769224597514,0.4,1.34493670182214,1.2,1.56564836712805,1.2,3.76846169610059,1.2,97.0786849554593,0,41.776370454701,1.2,50.5068402640454,3
-1.37573945003003,11.4328894741955,44.7566089630127,11.4926401195122,3.00180220255256,2.20536312413311,13.3141555786133,3.72222896481374,2.1110705887638,2.46790206973997,13.227963924408,3.24388617156445,0.425636224101414,1.12487990775303,5.75878274440765,1.20060800551483,0.145695647554472,1.5377682472542,7.24811172485352,1.54158991928804,-0.294892192870378,3.60857808400122,11.2033219337463,3.61340695889578,19.9995731324194,138.252596499069,356.496068332183,139.417747229176,-47.0528597206859,10.676241804688,47.0481598333671,48.244148022433,16.1792300981503,46.7116757530949,141.034735435612,49.3459240021354,11.2713666613393,5.43442622698136,1.2,14.9703969977303,0,3.00180220255256,0,2.1110705887638,0.8,0.764204250028702,1.2,1.83031324123327,1.2,4.77389837050446,1.2,148.301631840688,0,47.0528597206859,1.2,64.0645524737832,3
-1.17880437965691,10.1940145918697,42.1511173248291,10.2416718132712,3.69071697337925,2.43198785127729,14.3346843719482,4.41727273628367,2.25997077846527,2.25156147564031,11.1007163524628,3.18696075937407,0.279478797931224,1.22576091000995,6.05065679550171,1.25482598306199,0.14635343082156,1.39583483936109,6.29352974891663,1.40070725203104,-0.134797263692482,3.42391153331677,10.4226393699646,3.41971458012605,26.4004942567956,142.28467069838,359.375225293775,144.433146828166,-46.5266373993282,12.819650020108,62.2855123126458,48.2536427704694,20.2748455013445,41.8202233164726,139.715344378546,46.4004818297189,10.5844207648836,4.75619400749239,1.2,11.942964716557,0,3.69071697337925,0,2.25997077846527,0.4,0.839126546890809,1.2,1.56306863542817,1.2,4.29236385501758,1.2,124.070466181684,0,46.5266373993282,1.2,49.8536397901814,3
9.11313683700562,0.150921056946537,0.868594169616699,9.11438144180705,1.87991154146194,0.11298756830473,0.646062135696411,1.88329034658782,3.30439714670181,0.401417981587576,1.99681043624878,3.32859314928832,0.169405631269678,0.373199188314359,1.20890134572983,0.409168414626228,0.0387135553296539,0.0813832495668688,0.487164661288261,0.0899748839570531,0.0689092124822782,0.127798859756028,0.449291050434113,0.14496792033291,114.09597823116,9.25309147975873,26.4066997841849,114.469076486404,-11.5218305722141,0.654172021358727,2.10281802373464,11.5403123443087,-69.1983267352558,1.28536634171425,5.85956464744058,69.210215871106,9.88379664956671,0.0941445302767031,0,9.11313683700562,0,1.87991154146194,0,3.30439714670181,0.4,0.333617197584238,0.8,0.0577898552364995,0.4,0.114927708008815,0,114.09597823116,0,11.5218305722141,0,69.1983267352558,0
9.81285080337524,0.104993851229675,0.477368354797363,9.81341023820277,-0.333817901015282,0.158240770581382,0.669990345835686,0.369289008699881,0.70262365398556,0.336049686487704,1.65344041585922,0.7785612842682,0.205066695811693,0.408717944546833,1.3597850240767,0.456546280778778,0.000850934625777882,0.0835228508673464,0.465478956699371,0.0833599810477324,0.0321815782428603,0.0485452326695091,0.204639703035355,0.0581624194362508,137.802821032673,4.98016105443364,18.7349903272915,137.892422854465,1.18380770111291,0.955300941768317,3.5132876256703,1.51998360616169,-84.8322067381393,1.47881040870129,5.38002389600317,84.8450436546908,9.85061356541866,0.1049236352675,0,9.81285080337524,0,0.333817901015282,0,0.70262365398556,0.4,0.373970829569102,0.8,0.0475479050294636,0.4,0.0474672963226371,0,137.802821032673,0,1.18380770111291,0,84.8322067381393,0
9.66786013793945,0.127102234480611,0.635293960571289,9.66869225929011,-0.119889986097813,0.250011871754891,1.00498552620411,0.276820376852652,1.88664015865326,0.410355525369138,1.60438752174377,1.93057742108815,0.230850077195733,0.449094854318709,1.39857493340969,0.5041539462943,0.0266599716240307,0.0606941671719814,0.334448471665382,0.0661800641279512,0.0352212414786336,0.0655005472345543,0.257479511201382,0.0742542675714346,139.924841634656,6.16061465074768,26.1576027851545,140.059853872075,-0.0746510850949765,0.250198143279994,0.993545116642427,0.260617533874855,-78.0162787572267,0.787437481391839,3.30229401086362,78.0202366612743,9.86296540035215,0.0965375271377053,0,9.66786013793945,0.4,0.249024620946386,0,1.88664015865326,0.4,0.434851752494421,0.4,0.0473259718989106,0.4,0.0545098215561233,0,139.924841634656,0.4,0.270666729972321,0,78.0162787572267,0
9.76494649887085,0.125668475825768,0.647258758544922,9.76575186666972,-0.28891897661984,0.201514196115738,0.914058241993189,0.35202232088645,1.25576289568469,0.456063885192511,2.07218438386917,1.3357030884466,0.151238512532902,0.392498341735709,1.65208379179239,0.41989500609722,0.00329805884801317,0.0430985359360614,0.262977279722691,0.043138510136508,0.0307497114114813,0.0586825592115076,0.26786420121789,0.0661469042093356,129.131704034989,4.05672854716102,13.1982067596474,129.195155502438,0.910439266268631,0.732549062610507,2.98215472017207,1.16763918835348,-81.3303417577661,1.14737940432462,5.35109121467897,81.3384023940384,9.86236879665672,0.107983037225262,0,9.76494649887085,0,0.28891897661984,0,1.25576289568469,0.4,0.275835964516117,1.6,0.0277021118157578,0.4,0.0465727351708619,0,129.131704034989,0,0.910439266268631,0,81.3303417577661,0
9.80552396011353,0.0925197512239261,0.537188529968262,9.80595868832362,-0.462786257266998,0.26786253690854,1.05164557695389,0.534447805907704,0.726886878490448,0.558769358949286,3.18125766515732,0.916154374456718,0.273031512097368,0.597825816603265,2.07938380539417,0.656134384686206,-0.0167456362860976,0.0430384593137877,0.251676291227341,0.0461011505150404,0.0421227918812656,0.0687274984676203,0.266337048262358,0.0804916440713363,124.178823449375,4.1977555725832,20.2754848530745,124.249470262496,1.31379776082661,1.10149074292869,3.61827947932274,1.71303627681481,-83.9923551757559,2.20171222685143,8.08519544886758,84.0210918433775,9.8627345947343,0.0910966542638268,0,9.80552396011353,0,0.462786257266998,0,0.726886878490448,0.4,0.521038198681454,0.4,0.023498140275982,0.4,0.0589924866264351,0,124.178823449375,0,1.31379776082661,0,83.9923551757559,0
-9.56045589828491,0.146950596233137,0.861415863037109,9.56158067909658,0.970672433495522,0.16014530154583,0.887737244367599,0.983742295870668,-0.701432025812566,0.523746496874926,2.57706999778748,0.874768562679479,-0.120746585264686,0.399841024749956,1.68629217147827,0.416908972733718,0.0371668459012872,0.139409655694961,0.820696830749512,0.144009327221655,-0.00153449244034709,0.0400650243165944,0.261755563318729,0.0400142476606124,121.71997193187,21.7190798673403,51.782047833887,123.634878265229,-6.01967042875593,0.469752195915221,2.05819426345283,6.03789835355842,95.1419360327324,1.17049549490687,5.34786053520156,95.1491070453177,9.65062716681595,0.149259594769326,0,9.56045589828491,0,0.970672433495522,0,0.701432025812566,0.8,0.302616399026618,0.8,0.0763845894605326,1.2,0.0312162348391825,0,121.71997193187,0,6.01967042875593,0,95.1419360327324,0
-9.44745244598389,0.147832499416423,0.811166763305664,9.44860438102999,1.77214359354973,0.248921193393724,1.88434791564941,1.78947110332573,-0.224312765187584,0.543931346609131,2.71346092224121,0.587361967793989,-0.114154133046744,0.407360206874458,1.87107878923416,0.422267373690978,0.0237937942364952,0.099964362080931,0.647211238741875,0.102562404591893,0.0117469297680655,0.0478421593893697,0.265420749783516,0.0491701849208803,107.462495203432,19.4639285601291,48.2995461119618,109.204015550168,-10.9559232671748,0.397917797295946,2.60886161669901,10.9631181629742,92.7176314754452,1.16933330943609,4.58464153696599,92.7249753704118,9.63331582062277,0.150474351063795,0,9.44745244598389,0,1.77214359354973,0.8,0.387197071081561,0.8,0.300619917839296,0.4,0.0696441233237461,0.4,0.0293110066912827,0,107.462495203432,0,10.9559232671748,0,92.7176314754452,0
-9.5808953704834,0.492972359482535,2.85583400726318,9.59351894564112,0.966925275579095,0.984562115197054,3.71485710144043,1.37856069761193,0.0960479027442634,1.41937133830881,7.95493865013123,1.41978228459509,-0.367110795419867,0.898403410250889,3.48315104842186,0.968850096203759,0.0823659525700496,0.171930681922542,0.846047729253769,0.190331471101277,0.0644108042181469,0.16940694256683,0.710435718297958,0.180921720755443,36.4479856782066,128.498678279369,358.307789669907,133.32035980399,-7.47537357147948,4.01021846741368,9.9107337256742,8.47931216437595,90.1239436089309,3.13487000104986,10.0253175127989,90.1782308093785,9.78086182143758,0.536386020344986,0,9.5808953704834,0.4,1.15882790581751,1.2,1.25241062377973,0.4,0.770612665849623,0.8,0.147539721370966,0.4,0.134104427773684,0.4,136.474007429812,0,7.47537357147948,0,90.1239436089308,0
-9.52317087554932,0.177246134657021,0.903290748596191,9.52481359672684,1.34153601491451,0.440703207657147,1.48594284057617,1.41179365322382,0.601345042556524,0.458943404152627,2.94317179918289,0.755911629907656,-0.317226355564635,0.465509090397305,1.57694745063782,0.562551756778322,0.0592532725444762,0.163884518935654,1.02197676897049,0.173958768999477,0.0651633898111759,0.109396234615476,0.423634737730026,0.127145323842977,119.223379766973,32.5164478378451,88.3621436320766,123.560933897132,-8.43850687746621,1.92783646514114,6.66949018676798,8.65506126746814,87.3620463514622,1.59854404555182,6.11758870371615,87.3766116555703,9.6574138532593,0.145188669598675,0,9.52317087554932,0,1.34153601491451,0,0.601345042556524,0.4,0.562562409163607,0.4,0.163310866820312,0.4,0.126639550374338,0,119.223379766973,0,8.43850687746621,0,87.3620463514622,0
-9.46662372970581,0.215385482007395,1.21316146850586,9.4690638492971,1.42289676833153,0.277506577678867,1.7084753960371,1.44959893569936,0.776561874091625,0.557099867251872,2.6261227838695,0.955074429212918,-0.174527119878912,0.475419487170719,1.69667695462704,0.505548523486887,0.0172856406853243,0.0868950417628956,0.588568210601807,0.0884270245103023,0.0316256911724922,0.118898648058851,0.542753353714943,0.122802790270903,125.422580024176,30.9191616552448,78.5186935663077,129.162665500346,-8.8757914247778,0.727844310415389,4.46952979756284,8.90546527290979,87.117342530106,1.7357766208855,6.51224386414866,87.1345639703529,9.62525660702727,0.176733157886539,0,9.46662372970581,0,1.42289676833153,0,0.776561874091625,0.4,0.392312144050973,0.4,0.054375016918442,0.4,0.088804182277151,0,125.422580024176,0,8.87579142477779,0,87.117342530106,0
9.77277582168579,0.179706836933515,1.00857448577881,9.77442134501977,0.290847592539154,0.187222042064857,0.897308483719826,0.345693804903439,0.882090138316154,0.371564918866842,1.8340984582901,0.956865329652718,-0.160429584586062,0.36503169527633,1.34726221859455,0.398061298812811,-0.00373299463614239,0.0575268160330275,0.346971198916435,0.0575328816730021,-0.00709824870643206,0.0604008231130346,0.350941821932793,0.0606963881108219,-110.519143892343,10.475683966711,29.3886510927857,111.012531551391,-1.91584311492263,0.348757187086531,1.31173740321413,1.94720309424538,-85.9263987264958,1.53031019481058,6.46234250207254,85.9399702117699,9.82594340699306,0.159203143660984,0,9.77277582168579,0,0.290847592539154,0,0.882090138316154,0.4,0.327517757253138,4.8,0.0315220070727216,0.4,0.0414290461495262,0,110.519143892343,0,1.91584311492263,0,85.9263987264958,1
9.77465176391602,0.18785581225694,1.08634185791016,9.77644954739707,0.309770034339279,0.477453552428048,1.85683035850525,0.568337506523911,0.786420305848122,0.784649171405524,3.99840670824051,1.1098056236787,-0.251295719831833,0.633668105505202,2.16368293762207,0.680498835905406,-0.0360379673979478,0.133503668927915,0.758083172142506,0.138024171045948,-0.0212373251202516,0.0702460787354236,0.343000560998917,0.073251604143908,-107.803949528645,11.156694494,30.9398212042415,108.377421443209,-2.63286425894253,0.445360488886959,1.70134067826006,2.67011737330373,-87.3603891016827,1.57652382261657,6.5004344670737,87.3745561914408,9.85450022950621,0.150190719226634,0,9.77465176391602,0.4,0.403581689997142,0,0.786420305848122,0.4,0.549675284966072,1.6,0.0739659978769165,0.4,0.0559014930065527,0,107.803949528645,0,2.63286425894253,0,87.3603891016828,1
9.80397821807861,0.155879815884732,0.982254028320312,9.8052124007332,0.584872853316367,0.196147647875929,0.999003477394581,0.616762724809646,0.678288649126887,0.556855421833902,3.10827672481537,0.87688260361173,-0.253066004884167,0.475485368153961,1.5760311037302,0.537795865375727,-0.047450144120492,0.137024648074727,0.641713425517082,0.144748635020639,-0.00834319114475511,0.0495880682567287,0.243429616093636,0.0501871442289573,-123.997240575347,15.999948792123,55.1912889467747,125.021158362117,-3.80670409920118,0.37894657711839,1.2150838231561,3.82544405332917,-86.5985457855083,1.5531561526599,7.42771460917298,86.6124169910019,9.8626723966546,0.13885207447322,0,9.80397821807861,0,0.584872853316367,0,0.678288649126887,0.4,0.507920968904715,0.4,0.119119620889815,0.4,0.0470404655991243,0,123.997240575347,0,3.80670409920118,0,86.5985457855083,1
9.77389563369751,0.13079572867831,0.704686164855957,9.77476725814795,0.201997302412987,0.0843151647263538,0.418743960559368,0.218823035800494,0.96307282948494,0.402330619341478,2.17986136674881,1.04342307931289,0.0106211055712192,0.0984903309801222,0.737313807010651,0.0988653215184308,0.00849896176610491,0.0302999082675498,0.232128612697124,0.0314108970639101,0.00673783844732679,0.0291156934028624,0.177456215023994,0.0298283619205353,-125.307403718995,12.3006878619916,32.7826745442026,125.907295741692,-1.07688018085433,0.256929602851766,0.927798862950222,1.10698676299906,-84.9624900010854,0.491879551986423,2.9915067432497,84.9639081310189,9.83235501356363,0.0866899199442664,0,9.77389563369751,0,0.201997302412987,0,0.96307282948494,1.2,0.0566398194803175,2,0.0134961654532521,1.2,0.0247432345586489,0,125.307403718995,0,1.07688018085433,0,84.9624900010854,1
9.79345457077026,0.317203243984768,1.84725952148438,9.79856968420103,0.263373201854527,0.338513259675733,1.32083809375763,0.428367021984058,0.96626485363394,0.756436071136303,3.6059837937355,1.22620329267438,-0.263758582428563,0.531266321692754,1.67835101485252,0.592185375327198,-0.0519815385547699,0.137481980724108,0.664620876312256,0.146723448004229,-0.0517817855468602,0.143525496615891,0.561690166592598,0.152310614274067,-128.437100516098,19.4083877925756,65.5798905611482,129.889443618881,-2.20692624260734,1.31717662784483,4.8205158767326,2.56876193762168,-85.1376166524611,2.07977722777026,8.14765069863817,85.1629141157424,9.88058978334078,0.270701546510634,0,9.79345457077026,0.4,0.375058815329017,0,0.96626485363394,0.4,0.548165451861009,0.4,0.106561528519608,0.4,0.118329069378753,0,128.437100516098,0,2.20692624260734,0,85.1376166524611,1
-9.49022174835205,0.14173113900072,0.863808631896973,9.49127579400123,1.30992683339119,0.114578882754792,0.73818576335907,1.31490840590899,-1.0761959143281,0.414264526791411,2.11166606843472,1.15287739321299,0.191741290812235,0.371995186002082,1.41262474656105,0.417841619920073,0.00387349359184736,0.0771591236860883,0.545502260327339,0.0771020116413258,-0.0190467637936235,0.043332527225362,0.255036041140556,0.0472543785810784,-93.1607124312063,9.59469581301608,32.0119969793934,93.6515258588094,-8.32604318447502,1.21175589022159,4.6225089594982,8.41341036904059,95.0455553426374,2.27941345726462,9.67555718578086,95.0727749316105,9.64996384199402,0.143900225200297,0,9.49022174835205,0,1.30992683339119,0,1.0761959143281,0.4,0.308424460248557,5.6,0.0429659061071239,0.4,0.0245209231651182,0,93.1607124312063,0,8.32604318447502,0,95.0455553426374,1
-9.56181019592285,0.130796764118063,0.675971984863281,9.5627011657368,1.14665496754646,0.0931030771519486,0.482153832912445,1.15041345821502,-0.428439680385403,0.385415974098392,2.10448747873306,0.575770658271675,0.259069586352824,0.269487717683572,0.790459025651217,0.373430296086692,0.00425589482020587,0.0814403961825391,0.712879210710526,0.0813887008040312,-0.00616606905427761,0.0327978442621094,0.179594241082668,0.0333078999859003,-100.814511957303,17.1248924321763,46.7873695504776,102.252895872144,-7.07625459982529,0.755889565182358,2.11238156923313,7.11635178445818,91.8613568051649,2.43163382523893,9.43425343259348,91.8934059972402,9.64799289964085,0.128513158704927,0,9.56181019592285,0,1.14665496754646,0,0.428439680385403,0.4,0.31285111192838,1.2,0.0367155284442847,0.8,0.0292999022276809,0,100.814511957303,0,7.07625459982529,0,91.8613568051649,1
-9.49561518859863,0.231618441932501,1.21794700622559,9.49842830810328,1.34065545225143,0.114529982621518,0.605384171009064,1.34551911547295,-0.503382886692882,1.24040810247031,5.90668249130249,1.33635778975788,0.42630359472509,0.649792312798032,1.96148682385683,0.776064355867388,-0.0180382259010221,0.110324090704072,0.689055472612381,0.111571039985194,0.00105679625965422,0.0884218538455465,0.462730064988136,0.0882511606658387,-97.4664310083574,20.1903670647179,60.3362928636269,99.5275112319509,-9.17201188135448,1.52678107657525,5.05201259884976,9.29771682541864,92.3375994768182,4.40087041650778,12.5794872434926,92.4419951478899,9.68223396366954,0.266540436912387,0,9.49561518859863,0,1.34065545225143,0.4,1.12026529173253,0.4,0.748658685007431,3.2,0.0529007412955532,1.2,0.0734200155198028,0,97.4664310083573,0,9.17201188135449,0,92.3375994768182,1
-9.35816186523438,0.376804017787978,2.33898448944092,9.36571443290242,1.44325011873245,0.322291847208407,1.9058832526207,1.47865731386929,-1.26920576673746,1.71814386150931,7.67976427078247,2.13332921365794,0.490724172462302,0.77164851530988,2.67589318007231,0.913164759993526,-0.00266642428864725,0.152628930180403,1.18691027164459,0.152346702574061,0.0425589494467713,0.119623329959269,0.631634190678596,0.126742914138325,-96.9853812495662,25.9582056405315,77.7856093626902,100.385742525717,-10.18308527255,1.82974412847002,6.59106168584967,10.3455206437082,97.1129199785793,6.29404866229872,19.5244304217508,97.3158559286978,9.71079805180949,0.393890365247312,0,9.35816186523438,0,1.44325011873245,0.4,1.51987631721542,0.4,0.841780152229065,3.2,0.0732493499705983,0.8,0.0969437052148681,0,96.9853812495662,0,10.18308527255,0,97.1129199785793,1
-9.37866839599609,0.125503042945547,0.801595687866211,9.37950472529277,1.71669710636139,0.111267057933309,0.634098052978516,1.72028479960092,-1.53031536006927,0.312359831094203,1.28853487968445,1.56174373400018,0.129854580073268,0.318658977802816,1.58275061845779,0.343510672212383,0.0118831525521819,0.0623174758598401,0.367129735648632,0.0633177956101602,-0.0165703180808341,0.0374983985885764,0.195782162249088,0.0409277512016105,-101.384089245927,21.7167901655389,55.2026612117428,103.674809145808,-10.4021757035186,0.729990129248472,4.01054364665892,10.427656180241,98.115179232632,1.51692590757344,9.37735112661809,98.1268579737665,9.66199998182645,0.139161738129363,0,9.37866839599609,0,1.71669710636139,0,1.53031536006927,0.4,0.223715218136927,1.2,0.0327887669003695,1.2,0.0283620155232843,0,101.384089245927,0,10.4021757035187,0,98.115179232632,1
-2.38718994107842,0.845661193481694,5.97607469558716,2.53198698605073,9.16095977401733,0.510668449425322,2.82711982727051,9.17512523714751,-0.901146577530541,0.49671665282092,2.66440802812576,1.0284968048817,0.0714766775085882,0.14392015725563,0.992960721254349,0.160434020848117,0.05899915399577,0.312487034830131,2.21805000305176,0.317393217510073,-0.267850766246091,0.637035271765099,3.05004778504372,0.689880217647643,78.619247609988,55.2915837820771,211.173548456406,96.0516355662022,-75.487059926137,3.57868434490131,27.0611548500772,75.5715023670039,92.2711135394655,54.1393023267367,199.315315528889,106.926601900617,9.55424723113455,0.607885546985707,0,2.38718994107842,0,9.16095977401733,0,0.901146577530541,0.4,0.0804508630450174,2.8,0.161773242150936,0.4,0.529437883541575,0,78.6192476099879,0,75.487059926137,0,92.2711135394655,2
-2.00231399860326,2.4700400055704,15.4492592811584,3.17583919422951,8.62544128816575,1.93543499163064,10.0630159676075,8.83907022191788,0.663725929375738,0.602959952128404,4.15154725313187,0.895900982464519,0.11213461486937,0.360735298147157,2.44559717178345,0.377072416599123,0.107355208468973,0.404049231914059,2.8814492225647,0.417286351883831,-0.531145701677247,1.10512478077035,3.73788152635098,1.22414514431853,51.7641380687228,54.6335342348523,170.739648192631,75.1825096730391,-72.200769273895,9.92610467333402,59.3484169907585,72.8771879775301,51.657947090838,50.5058080133924,161.233527509591,72.1746270801113,9.36598347895521,1.14075162722599,0,2.00231399860326,0,8.62544128816575,0,0.663725929375738,2,0.18543402592752,2,0.246219297439655,0.4,0.989443337562924,0,51.7641380687228,0,72.200769273895,0,51.6579470908379,2
-2.98777884554863,0.679130493097757,4.56071978807449,3.06368989678402,8.99087313842773,0.529586631764863,3.08315134048462,9.00639439197747,1.71026519542933,0.518193729352889,4.07138764858246,1.78674499603973,-0.0140529441864637,0.152449438499794,1.03175058960915,0.152791862394614,0.0484641786516877,0.179242510395546,1.22295126318932,0.185332519097833,-0.171455083721026,0.540187945163559,2.84113201498985,0.565714282804855,60.7669029033374,26.8798834724559,152.65748734621,66.4248034352716,-70.8660035361394,1.9536840406775,10.65706902989,70.8928210116483,51.0318585920169,21.5438077352555,117.672855436243,55.3762557463244,9.66334790586505,0.561034488579636,0,2.98777884554863,0,8.99087313842773,0,1.71026519542933,2.4,0.0856160802038205,5.2,0.112409006569464,0.4,0.358618729866967,0,60.7669029033374,0,70.8660035361394,0,51.0318585920169,2
-0.933406601518393,4.66113555828269,18.4510555267334,4.74452609200062,8.05319295787811,1.79227013781668,8.07458019256592,8.24944241356587,0.500181291010231,1.42290824066113,5.79063081741333,1.50557315125259,0.133744567028247,0.529917690802719,2.34327727556229,0.545506294371711,0.143623474497581,0.50626591362889,2.85090589523315,0.525269128188629,-0.730997446888825,1.06928782012902,3.55920371413231,1.29350694001429,14.5676204219043,72.5420159555909,186.852043954124,73.8478860045587,-63.9025691165149,13.8176944045007,61.2840430826687,65.3735673160989,18.862016572697,73.3218931992627,185.460789061706,75.5669986927064,9.60447855466718,0.766105639273804,0.4,4.31385990754951,0,8.05319295787811,0.4,1.20619981522643,1.6,0.378785850466242,1.2,0.312609268981308,0.8,1.11165628681683,0.4,91.3896119134649,0,63.9025691165149,0.4,91.8020265276354,2
-5.04974111685157,1.48124208752047,10.1371928453445,5.26167151735795,7.97959453010559,0.60683422246109,2.80199527740479,8.00254357359876,-0.214229411613196,0.453220683294679,2.61415868997574,0.500481360906844,0.0647327296678268,0.186998348107448,1.42056602239609,0.197531858079608,0.0316104200114205,0.209724296175597,1.39399340748787,0.211677967530923,-0.332121069840854,0.941633580445776,3.43000571429729,0.996710343909439,79.028260426978,42.9423154142549,201.225992647308,89.900679805211,-60.7019922840166,5.79860352781736,29.172704416892,60.97721849109,81.8670203525449,35.4617619275759,161.390854086933,89.1892114225484,9.55134356453876,0.866725655631846,0,5.04974111685157,0,7.97959453010559,0.4,0.335699294538497,1.2,0.102674861295233,6.4,0.122348547603871,0.4,0.712578355359374,0,79.028260426978,0,60.7019922840166,0,81.8670203525449,2
4.46643319177628,0.77039169424701,5.11465847492218,4.53212475619497,8.62947557258606,0.215419187261522,1.40697908401489,8.6321531764905,-1.02816238816082,0.559830687562255,3.4540393948555,1.17016009740977,0.12388276632363,0.34580345310484,1.53937923908234,0.366672398550136,-0.0453487686961889,0.133220289475347,0.934623122215271,0.140474786947851,0.19034913058806,0.521130230616402,2.45323288440704,0.553825967167382,-85.0594921282581,23.3116619154745,147.217781257239,88.1837686201578,-64.3888499054555,4.65019220824488,20.8886992367583,64.5558810843025,-98.2018316253818,21.1959666810757,129.74180994494,100.454326248853,9.80505032775025,0.534442238215686,0,4.46643319177628,0,8.62947557258606,0,1.02816238816082,0.4,0.25270279704778,1.2,0.0689532576611502,0.4,0.38970962051226,0,85.0594921282581,0,64.3888499054555,0,98.2018316253818,2
3.37731124331057,3.21057931487635,16.6061897277832,4.65540755392645,8.25489837169647,1.23060532594251,5.97009253501892,8.34575814635208,-0.144339847167954,0.824938763657397,3.50668156147003,0.835844399042025,0.211092265118845,0.365019763705562,1.93521964550018,0.42103018250131,-0.178468421330792,0.435106069042188,2.32372963428497,0.469479498555987,0.535192068658653,0.999519511975483,3.13465255498886,1.13202192918492,-67.1617764883628,52.6151162765026,178.756500768664,85.2524561524155,-63.7159052169517,6.98079849594307,45.254302855417,64.095656631834,-70.8862452892495,52.3842526070644,173.039222622013,88.0794712332197,9.53824516081858,1.02430975980145,0,3.37731124331057,0,8.25489837169647,0.8,0.683417577741331,0.4,0.305507085971668,0.4,0.315641209185516,0.4,1.01500373609169,0,67.1617764883628,0,63.7159052169517,0,70.8862452892495,2
4.90136696520448,4.29835545373954,22.0594320297241,6.51347482499652,6.89289410877228,1.63218170091933,7.0289164185524,7.0827501883904,-0.836482939690351,1.0184894714417,5.40777921676636,1.31638718795682,0.269508043656358,0.574600892107085,2.43337979912758,0.633624578172986,-0.172525928671588,0.516658917750065,2.92756950855255,0.543722252262586,0.692205090266827,1.33357569802525,4.43884885311127,1.50015276981559,-85.0685830827226,55.1243585702529,184.005023032577,101.307472359411,-52.9136751465182,8.97518503861346,60.2399462151947,53.6664583161839,-78.3380190412715,52.8887952403054,172.59972043949,94.4610024858602,9.60211418634656,1.45996881602374,0,4.90136696520448,0,6.89289410877228,0,0.836482939690351,0.4,0.515531128742895,0.4,0.303345600274692,0.4,1.30300842933395,0,85.0685830827226,0,52.9136751465182,0,78.3380190412715,2
2.58510030815005,6.74733637169275,24.0299215316772,7.21298728153004,6.49941837441921,2.53238783275281,7.66062173247337,6.97350524404124,0.662017454236746,0.699213267040462,3.83449828624725,0.961878737548697,0.138500760956202,0.344138962753889,1.89917859435081,0.370324668322309,-0.233146929054987,0.370438286712798,1.57847464084625,0.43707335390462,0.861805584330519,1.34581281216037,4.21832664310932,1.59583086260943,-54.4943402897967,60.0367153044475,167.64857778185,80.991497574926,-50.9805290962957,16.5902752479204,76.1230196559645,53.6017782429726,-44.3213446442989,67.1560259007358,175.858915956691,80.3509407449589,9.90997906209324,1.840662587726,0.4,6.45720221984792,0,6.49941837441921,0,0.662017454236746,0.4,0.274037287833114,0.4,0.357625267686507,0.4,1.54566711115426,0.4,65.3866846351705,0,50.9805290962957,0.4,72.4800069424837,2
6.77928288269043,1.1106519744815,5.75832796096802,6.86930054814356,7.21615487670898,0.43930276470791,2.65722942352295,7.22946098793365,0.766373237546999,0.392447403549848,1.85802674293518,0.860654892464496,0.0459498597391648,0.274354157535652,1.74615699052811,0.277633774156024,-0.00471648698969511,0.167387730687299,1.78280884027481,0.167119188080331,0.162234687644057,0.721458409423223,3.62059545516968,0.738065255554238,-76.3814860425478,13.6019577471042,100.818783093157,77.5783772168748,-50.1363034397868,4.96918881990483,29.1616190198691,50.3809784421078,-80.8090221598551,7.27023268913955,67.4623709511264,81.1341045470569,9.98348384227668,0.724758242272928,0,6.77928288269043,0,7.21615487670898,0,0.766373237546999,0.4,0.149969384462966,2,0.0805982990966478,0.8,0.447074828014265,0,76.3814860425478,0,50.1363034397868,0,80.8090221598551,2
-1.87681043660641,3.82385468194604,16.784453868866,4.25273965639573,8.13995669031143,1.61659313598235,7.55892670154572,8.29830192232012,2.65845467281342,1.02341018483591,5.68654298782349,2.84790452441855,0.288939651301131,0.518552828237175,2.00210934877396,0.592712046127039,-0.14903573387838,0.347300927020655,1.83381605148315,0.377289162508594,-0.550323198947124,1.66826768325121,6.69874340295792,1.75352223197421,26.5241625235789,46.4359914224422,162.766556638611,53.3966973863067,-63.4014921639074,13.1197083946312,58.8198320659858,64.7393809823413,32.2750757666831,34.4613123635805,121.489206559515,47.1647351033176,9.73347159121938,0.564779821860116,0.4,3.51162070460615,0,8.13995669031143,0,2.65845467281342,0.4,0.512606875404739,0.8,0.229292304006938,0.4,1.7211005038035,0.4,48.7643592361266,0,63.4014921639074,0.4,37.4772905195265,3
-2.54532202395797,4.28319584861072,16.9005064964294,4.97504249393825,8.01852097702026,0.894577999407926,4.86580514907837,8.06806961898264,2.48004581451416,0.519367775623385,3.26261353492737,2.53363200897442,0.133375605275418,0.24224976498782,1.20004388689995,0.276114579341062,-0.032332462047576,0.263954969706888,1.57511484622955,0.265403325583705,-0.463926142279524,1.37985445734157,6.15598964691162,1.45313791349685,24.4282485188769,46.1563040819644,145.497878152527,52.1404076948075,-59.4445909310274,8.63176395958218,46.6975593930811,60.0655367961938,39.2397103487288,42.8515503454162,130.150326974293,58.040203426503,9.79184710777127,0.620772100028492,0.8,3.45571874002262,0,8.01852097702026,0,2.48004581451416,0.4,0.185832300968107,3.2,0.150907467247049,0.8,1.18360397754528,0.4,43.8898849746779,0,59.4445909310274,0.4,40.8274403702352,3
4.95103719301149,4.67661570280263,19.225133895874,6.80411792817823,7.08814843940735,0.758312471870613,3.70648241043091,7.12843502831073,0.819608754687011,0.579704150932565,3.28055989742279,1.00323037521678,0.0621597675366211,0.260252057609847,1.3069452047348,0.267065620506282,0.0727277282287832,0.472003212845871,3.41412341594696,0.476639494018695,0.227167172502261,1.80028393439629,8.60067081451416,1.81098400868983,-65.0560589613868,57.0615584198395,190.186781363545,86.4597488493402,-52.3111961946247,14.408455048806,45.2700737622106,54.2515843998902,-57.6088246269387,54.7079409399389,179.594810866635,79.3710503998634,9.87166541054393,0.818522975166479,0,4.95103719301149,0,7.08814843940735,0,0.819608754687011,2,0.168654493733989,3.6,0.33184213064896,0.8,1.70065974342528,0,65.0560589613868,0,52.3111961946247,0,57.6088246269387,3
-0.0329156510233879,4.54394267458154,18.4426803588867,4.53496513876854,8.63393581581116,1.11235178469726,3.62991189956665,8.70501147951536,0.638146656513214,0.761571901313064,4.21017146110535,0.992422767294821,-0.0350092718362575,0.270316692998156,1.43400508165359,0.272037642928163,0.053944858212606,0.411229784757751,2.23759764432907,0.413936642321016,0.174976110470248,1.69359374960053,7.88320970535278,1.69923611919195,20.8936584556877,67.4543252471816,194.141658968468,70.4870953738149,-71.7192171068791,12.4291106073926,45.7927676488241,72.78400210041,28.3617802457713,66.2371739250787,187.541633513107,71.9319423862043,9.82486975796497,0.896205105304426,0.8,4.265986593751,0,8.63393581581116,0,0.638146656513214,0.4,0.176777423532003,3.2,0.227944725973729,0.8,1.64745024664254,0.4,71.0557640462426,0,71.7192171068791,0.4,70.4170973142917,3
1.66516050535068,5.56279216086157,22.3082857131958,5.79600185533294,7.82869355583191,2.04763997245602,7.59003376960754,8.09101359102162,1.65168889847398,0.767686732239116,3.73758903890848,1.82073110714425,0.0978318281455431,0.351071210117852,1.99264091253281,0.363770610678787,-0.0490444991560653,0.530365413063409,2.5805983543396,0.531570958937651,-0.236162766964117,1.96114153784066,8.7906494140625,1.97141184926398,-19.2455888895301,57.8112997534054,175.159975868734,60.8208063524826,-65.1004886742868,16.5035602565908,54.5313389936951,67.1517062833797,-16.7636692593154,55.8726471752726,161.631686557068,58.2261650686246,10.0417656759828,1.24189836803236,0.8,5.9414273606432,0,7.82869355583191,0,1.65168889847398,1.2,0.202787789615965,1.6,0.351054310961304,0.8,2.11817911144934,0.8,57.3976895305768,0,65.1004886742868,0.4,56.8770427340378,3
0.425281158579513,4.07956288096403,16.0534467697144,4.09354687653425,8.84797854804993,0.930458084007044,3.70169639587402,8.89657313935323,0.31373254898563,1.21665478215433,5.4496533870697,1.25409568047907,-0.033786319842533,0.55940729107999,3.33440542221069,0.55930875789022,-0.0672397202034481,0.698934216641873,3.84111773967743,0.700768280538622,0.255611480965337,1.41760623913514,6.53106093406677,1.43767390205124,-28.4229149043726,63.5522706216801,192.184686827855,69.5025008789452,-73.6399247542456,12.3177529725334,34.1386071133281,74.6589488805604,-4.87331053810387,65.5110480225293,201.76886291273,65.5612673684615,9.85289708291983,0.63318115649371,0.8,3.96408256024097,0,8.84797854804993,2,0.943977529920151,2,0.496625454583754,2.8,0.409866924081281,0.8,1.32808071214613,0.4,60.5877360676614,0,73.6399247542456,0.8,60.7595751317765,3
-2.82800052411854,3.76454389315177,14.9886412620544,4.70241326607809,8.42398953056335,1.30005327786651,5.76072025299072,8.52331963393555,-0.188238564915955,1.29615153526882,5.59920501708984,1.30718113683293,0.162926800726913,0.601580316452097,3.01400691270828,0.622090366449395,0.0105539103103802,0.868697577254837,4.38326013088226,0.867022677805113,0.105890966570994,1.83568525592356,8.79462027549744,1.8350679263126,49.0134032570798,62.1505437453135,178.977703275124,79.0541145439496,-66.2328384228567,10.27214912973,46.6126362360358,67.0215179259667,71.7875213310888,61.1662439530986,173.256265543268,94.2326502895582,9.80187516449677,0.627061973176956,0.8,4.01008381017647,0,8.42398953056335,0.4,1.31500658402258,0.8,0.424313462446533,2.8,0.65148671212158,0.8,1.80404782938005,0.4,59.8302979269149,0,66.2328384228567,0,71.7875213310888,3
-1.42119307323545,3.85070962932058,15.8093786239624,4.09737019832932,8.84192473220825,0.943566034937849,3.46839666366577,8.89192828158635,-0.351118010460399,0.752295182501584,3.93140757083893,0.828835391810883,0.0762402001393493,0.341640514514178,1.65697073936462,0.349376496505089,0.00657473908457905,0.652329367598939,3.62212264537811,0.651056600159106,-0.0405382088557817,1.74278136735019,7.41101169586182,1.73976466603466,45.0127887870447,80.9989598767247,292.334582665404,92.5242634636662,-73.1409784518289,9.35729311250094,37.2333999772068,73.7347369124389,61.2659292570652,82.382167473518,292.802846774521,102.533839873946,9.80458811484996,0.643043647370292,0.8,4.14506263350179,0,8.84192473220825,2.4,0.483836305771089,2.4,0.241509783072779,3.6,0.473329030364453,0.8,1.86774810233364,0.4,87.2250084714291,0,73.1409784518289,0.4,88.2740548470668,3
-1.88409896925092,5.06518907517021,18.3314146995544,5.3947515912864,8.06244840812683,1.47439865469578,5.99761009216309,8.1956226316921,-0.255859738398343,0.818595862576508,3.33559477329254,0.856085857385657,0.0982130067138933,0.467565068825139,2.13405603170395,0.476852618634834,0.0377813764268067,0.626644653946033,3.67893326282501,0.626530303045727,-0.129900397917256,1.87591875991255,6.2946560382843,1.87666433397018,26.4440397060848,93.7808219906988,318.913621782726,97.2571356710402,-65.7785869385949,15.1891417377253,54.0994251513402,67.5026642900862,45.4221037600777,91.5565785091032,314.709572046692,102.040404497491,9.8213324412048,0.740323878532432,0.4,4.8458317781954,0,8.06244840812683,1.2,0.530016995689017,2.4,0.324940383005102,2.4,0.505588956448467,0.8,1.86441780387827,0.4,106.542600398884,0,65.7785869385949,0.4,104.991249511124,3
-1.90517973959446,4.10987686614938,17.3862495422363,4.52252510702278,8.46993176937103,1.71307463862714,6.64606523513794,8.64075404096414,0.0498807811932638,1.07883613212453,5.29770922660828,1.0778311290318,0.11898363076942,0.561120165211109,2.81578123569489,0.572497616447781,0.00204822900891304,0.618842404253992,3.20520746707916,0.617606875657746,-0.000570546273142099,1.70283466915747,6.79067826271057,1.69942568309583,43.4123752109941,85.4170958637837,336.76428019742,95.6636308437001,-71.1370983341844,15.5264470704879,53.561800471201,72.8051717655109,56.80333246351,85.7175870790535,335.993165500503,102.687551799994,9.78076865725296,0.785248122924209,0.8,4.22654978355949,0,8.46993176937103,0.4,1.00314051913299,2,0.359227173294454,3.2,0.442254433564324,0.8,1.90324111345609,0.4,78.8954760939451,0,71.1370983341844,0.4,84.0895628441168,3
