acc_mean_x,acc_std_x,acc_range_x,acc_rms_x,acc_sma_x,acc_mad_x,acc_zcr_x,acc_mean_y,acc_std_y,acc_range_y,acc_rms_y,acc_sma_y,acc_mad_y,acc_zcr_y,acc_mean_z,acc_std_z,acc_range_z,acc_rms_z,acc_sma_z,acc_mad_z,acc_zcr_z,gyro_mean_x,gyro_std_x,gyro_range_x,gyro_rms_x,gyro_sma_x,gyro_mad_x,gyro_zcr_x,gyro_mean_y,gyro_std_y,gyro_range_y,gyro_rms_y,gyro_sma_y,gyro_mad_y,gyro_zcr_y,gyro_mean_z,gyro_std_z,gyro_range_z,gyro_rms_z,gyro_sma_z,gyro_mad_z,gyro_zcr_z,acc_magnitude_mean,acc_magnitude_std,acc_dom_freq_x,acc_dom_freq_magnitude_x,acc_dom_freq_y,acc_dom_freq_magnitude_y,acc_dom_freq_z,acc_dom_freq_magnitude_z,gyro_dom_freq_x,gyro_dom_freq_magnitude_x,gyro_dom_freq_y,gyro_dom_freq_magnitude_y,gyro_dom_freq_z,gyro_dom_freq_magnitude_z,Label
9.058629704,0.669265653110991,9.783905,9.08322062720968,9.058629704,0.287457789952,23,-2.0632464,0.249655828817438,2.457648,2.07823589321425,2.0632464,0.1844459376,10,2.477654032,0.444345951004927,2.992752,2.51702662941091,2.477654032,0.297163567552,21,0.290926944,0.244770019376301,0.790061,0.379883139506233,0.322972792,0.21576870368,3,-0.059239932,0.0938615863199069,0.434334,0.110833780682191,0.089177532,0.075590181632,13,0.135044248,0.119880082110574,0.513207,0.180418120122054,0.141635456,0.097947952064,8,9.62908363017764,0.664755961668876,0,9.058629704,0,2.0632464,0,2.477654032,0,0.290926944,0.4,0.0796549896687973,0,0.135044248,2
10.103334824,0.657059230621389,10.006566,10.1245925592621,10.103334824,0.20836492128,18,-1.514251196,0.189739626577022,1.673547,1.52604515201138,1.514251196,0.150730493888,11,-1.583999072,0.446069303760274,3.122039,1.64536773171197,1.583999072,0.361977093184,15,0.28397972,0.231941474356416,0.725577,0.366368859904605,0.31280668,0.20396878336,3,-0.045341272,0.0934364187372342,0.541985,0.103688349565571,0.075084888,0.074538127872,10,-0.006737232,0.0559599471749704,0.275789,0.0562528214412042,0.044172,0.044196030848,17,10.3488858983754,0.66765784651201,0,10.103334824,0,1.514251196,0,1.583999072,0,0.28397972,0.4,0.100504814781106,0.4,0.0432249170312611,2
8.476134844,0.775968114494587,9.986215,8.51143818060875,8.476134844,0.47318925392,5,-3.088577672,0.319843644058541,3.453636,3.10502862994772,3.088577672,0.194487531712,16,3.052564068,0.790261507498427,5.731718,3.15280233863106,3.052564068,0.557555780864,12,0.312967632,0.199940442859317,1.159112,0.37116709801342,0.328970304,0.140960711936,14,-0.183028796,0.14778275940379,1.071445,0.235057280606877,0.20257434,0.10300658768,13,0.18383886,0.143907711365759,0.698132,0.233288058243597,0.184580684,0.10618978256,6,9.57168620096647,0.64063265027254,0,8.476134844,0,3.088577672,0,3.052564068,0,0.312967632,0,0.183028796,0,0.18383886,2
9.300333976,0.707003921015336,9.648633,9.32706101573769,9.300333976,0.360213279680001,18,-2.990353156,0.535714140871493,3.782839,3.03777116975027,2.990353156,0.461941951744,2,1.25367106,0.659118509660231,3.083732,1.41576501850383,1.263228724,0.51458881728,20,0.383815728,0.275888146869317,1.106885,0.472360376793846,0.419587784,0.226020023168,13,-0.143554012,0.15302918856335,0.747694,0.209599654540374,0.173069524,0.124558884288,14,0.067549332,0.113846970982196,0.462846,0.13218245165021,0.10875294,0.092623521216,13,9.88929343607849,0.655825603879881,0,9.300333976,0,2.990353156,0,1.25367106,0,0.383815728,0,0.143554012,0.4,0.0888297884539749,2
9.39382276,0.665596760996049,9.969456,9.41727949135787,9.39382276,0.30469433792,16,-3.386818576,0.327965658166777,3.572149,3.40259772729362,3.386818576,0.23203881888,6,0.397686508,0.724326262233282,3.69545,0.825048179604942,0.6781337,0.607129255936,9,0.473784172,0.265919832650296,0.990708,0.543048750670601,0.486103284,0.203884888832,7,-0.114651384,0.157207125265969,0.742897,0.194319746208583,0.141397792,0.13039701344,10,0.129846108,0.0931473036180737,0.508944,0.159692599244235,0.131342556,0.073081684864,13,10.0246501594328,0.672104821699393,0,9.39382276,0,3.386818576,0.4,0.655545703357557,0,0.473784172,0.4,0.171784325950307,0,0.129846108,2
1.1756823,0.486832960099308,2.020706,1.27211916747142,1.1756823,0.4122156552,11,-3.713239224,0.272268996526147,3.772065,3.72316792792047,3.713239224,0.139676569536,10,7.456147432,0.490463103945081,7.431602,7.47219689032792,7.456147432,0.183237117248,29,-0.002545236,0.0841787097171898,0.401293,0.0840487309557259,0.069644748,0.069583662336,9,-0.202125644,0.121062727432861,0.468708,0.235483195154143,0.207143652,0.095235627328,12,0.40095782,0.217476762464027,0.799121,0.455932156205438,0.411906228,0.17071413632,3,8.42740555055269,0.542221973696095,0,1.1756823,0,3.713239224,0,7.456147432,0.4,0.0660920420199032,0,0.202125644,0,0.40095782,2
2.442847088,0.648137834262629,3.64158,2.52703466872616,2.442847088,0.458934154624,15,-2.395810604,0.323711454451689,2.94008,2.41749423981922,2.395810604,0.234082010176,13,7.71644502,0.624267606094051,8.440758,7.74155507314423,7.71644502,0.32525926736,18,-0.143917452,0.122048816026661,0.470306,0.188543265140148,0.163185916,0.10023135776,10,0.119430648,0.116912580899192,0.548913,0.166965736149427,0.150917976,0.09133414464,14,-0.473349272,0.260015712231247,1.00483,0.539812255536704,0.509709672,0.187233487488,10,8.47430349180192,0.591130813285542,0,2.442847088,0,2.395810604,0,7.71644502,0,0.143917452,0,0.119430648,0,0.473349272,3
2.500011052,0.524621000037653,3.242946,2.55424774542877,2.500011052,0.376985208672,14,-2.657621356,0.375413641090058,3.126827,2.68390069342666,2.657621356,0.301028757504,3,7.648985996,0.531103051649649,7.905655,7.66732867018689,7.648985996,0.22675997216,24,-0.156512596,0.103242559413421,0.33068,0.187383517622538,0.156985836,0.091498722624,5,0.163914936,0.126341008089409,0.466843,0.206800165298851,0.16812292,0.108689233728,3,-0.367290804,0.347348455254183,1.035474,0.505045423969928,0.419425772,0.322918828768,1,8.49806530061041,0.54728203968239,0,2.500011052,0,2.657621356,0,7.648985996,0,0.156512596,0,0.163914936,0.4,0.425580981880783,3
3.852773344,1.78070314899798,6.852205,4.24288610856677,3.852773344,1.613280869248,1,-2.51476894,0.366825566705971,3.207033,2.54127636710223,2.51476894,0.28662742816,5,7.102279588,0.942732083892357,8.005013,7.16432579891461,7.102279588,0.787420351296,4,-0.27390428,0.247779903096655,1.01842,0.369016063958457,0.278474656,0.19711708992,8,0.081319028,0.142605235120547,0.803118,0.163913673579467,0.126775364,0.106643211776,18,-0.612112268,0.48038911006942,1.603038,0.777516579193717,0.622627972,0.41558703056,4,8.68164634951309,0.646855941983603,0,3.852773344,0,2.51476894,0,7.102279588,0.4,0.308183905300678,2,0.116409413374305,0.4,0.629716257740742,3
8.609314652,1.16466729278609,10.594342,8.68742325896557,8.609314652,0.856461981408,12,-2.155777516,0.410325347221616,3.721787,2.19432680371484,2.155777516,0.253774232128,17,3.033903656,1.79536805226513,7.310695,3.52349605522868,3.087706152,1.383490658752,16,-0.793479416,0.436304174052425,1.865504,0.905101911710548,0.82311004,0.330252647552,8,0.088781036,0.250496014977919,1.585452,0.265291034260436,0.180851308,0.183694547488,21,-0.369757176,0.237495717010261,0.917164,0.439202650196148,0.390257744,0.191030780352,10,9.5949999017647,0.799971346289576,0,8.609314652,0,2.155777516,0,3.033903656,0,0.793479416,2,0.135024554552935,0,0.369757176,3
8.48965728,1.05675721846524,9.71567,8.5549137697209,8.48965728,0.83321843392,1,-2.068374784,0.201945400159547,2.256535,2.0781706051126,2.068374784,0.141428169088,10,3.215274024,1.83379881631783,6.629545,3.69964239836,3.256904416,1.57245246016,6,-0.525470416,0.329242610221168,1.173234,0.619746925519538,0.533086968,0.285455055424,7,-0.078077768,0.177589208685687,0.84442,0.193669597999541,0.138255648,0.1398211616,13,-0.263906592,0.169021934152405,0.644306,0.31321052004806,0.267978136,0.148877330112,3,9.52367856084152,0.703007892710834,0,8.48965728,0,2.068374784,0,3.215274024,0,0.525470416,0.4,0.137611747337052,0,0.263906592,3
-0.617502924,0.492283800054275,2.117671,0.789103179302456,0.65427786,0.399539562176,8,-3.080537912,0.250957539301759,3.236961,3.09070244362921,3.080537912,0.146447119744,9,7.706240968,0.512228376644902,7.856573,7.72317798934367,7.706240968,0.183111996352,30,-0.01276034,0.0466677032194161,0.253672,0.0482906751101701,0.035134668,0.03557872528,11,0.15239948,0.0977731859224774,0.477234,0.180961208567361,0.163838176,0.07616072576,12,-0.432404664,0.302165495021383,1.200947,0.527174130515662,0.491120216,0.221305993216,3,8.3382642724438,0.545106563225617,0,0.617502924,0,3.080537912,0,7.706240968,1.2,0.0438855453412753,0,0.15239948,0,0.432404664,3
8.642958012,1.38355513787579,10.014946,8.75255911819277,8.642958012,1.18396034656,3,-1.98518112,0.31649229141561,2.343924,2.01015192964309,1.98518112,0.24889490976,9,2.769133684,2.24636380006592,7.231686,3.56287343036783,2.797643828,2.112476969056,2,-0.448493648,0.419818538670146,1.48313,0.61375008536524,0.47129432,0.358177479104,3,-0.1825439,0.355759061713321,1.819406,0.399224908263986,0.237025868,0.2632626792,12,-0.1052964,0.166185318230865,0.64404,0.196454629898285,0.146312424,0.1339498544,10,9.63181892440061,0.756586331886065,0,8.642958012,0,1.98518112,0.4,2.77209285943263,0.4,0.45675009086419,2.4,0.261950814033594,0.4,0.181639573212325,3
-0.465868532,0.47190915391615,2.588132,0.662450711871828,0.481402116,0.295672553664,7,0.126835312,0.109918537219491,0.442927,0.167693031624191,0.128243096,0.089958922368,14,8.158740276,0.195681311057311,2.606089,8.161077190054,8.158740276,0.0993243206720001,22,-0.022218708,0.0379210388603441,0.183593,0.043885352370512,0.039363956,0.027441570784,9,0.02977664,0.0424595065756657,0.280319,0.0517904117529876,0.041550008,0.02724256736,33,-0.168973452,0.275927020404186,0.895847,0.323083898062983,0.181663452,0.238756944032,1,8.1867573395162,0.217569322406115,0,0.465868532,0,0.126835312,0,8.158740276,0.4,0.0256470553114318,0,0.02977664,0.4,0.298037351722677,3
-0.95433836,0.244191675945341,1.599327,0.984963330114416,0.95433836,0.19641027072,9,0.706452344,0.181078707209047,1.02831,0.729200421389604,0.706452344,0.14489595616,6,8.066079916,0.512514143930385,7.875727,8.08228094513154,8.066079916,0.144198326208,14,-0.02363628,0.0319284642970983,0.160677,0.0396739569148327,0.034296888,0.02369066272,13,0.030150748,0.0856404070123998,0.525731,0.0906311745535497,0.058655836,0.057350767392,21,-0.279729132,0.270024206855761,0.708257,0.38841962783619,0.284067092,0.255345473888,3,8.15813711660754,0.520609465679045,0,0.95433836,0,0.706452344,0,8.066079916,2,0.0275907527494644,1.2,0.0593034011293007,0.4,0.335891744987688,3
-2.92013118,0.434873207931662,2.304419,2.95220669272276,2.92013118,0.3645254184,6,0.73875962,0.187625733470366,0.963666,0.762120973559576,0.73875962,0.14701614672,12,7.583495008,0.267145750149757,3.227384,7.58818014551425,7.583495008,0.169607800128,15,0.08145862,0.0820032281304759,0.281651,0.115469208356289,0.09487766,0.0671763496,11,0.022834748,0.142866358437757,0.754622,0.144397295348618,0.10942014,0.108763047776,18,-0.37166718,0.242554184031925,0.810312,0.443546722174542,0.384698268,0.20533965824,5,8.17345141589795,0.267973593880209,0,2.92013118,0,0.73875962,0,7.583495008,0,0.08145862,2,0.107544296981743,0,0.37166718,3
3.59335196,0.420296087079095,4.07972,3.61775075344427,3.59335196,0.31632644608,6,0.782271904,0.186853712808453,1.077391,0.80419150986449,0.782271904,0.159453521408,7,7.612867076,0.50279667965898,7.845799,7.62938650219771,7.612867076,0.166926385472,13,-0.139811784,0.0879132884439518,0.27872,0.165061098521584,0.139811784,0.082404835648,1,0.035581264,0.0828880844364525,0.486028,0.0900498703564642,0.063711184,0.058163228928,12,-0.333798612,0.312532572602273,0.927023,0.456845067692289,0.338300756,0.294018215936,1,8.46529187069024,0.531362235984349,0,3.59335196,0,0.782271904,0,7.612867076,0,0.139811784,2.4,0.0557359700793972,0.4,0.407716040289104,3
2.10650486,0.269299410830427,1.194707,2.12358065756555,2.10650486,0.22085251536,7,-4.256794828,0.159248304307335,1.504756,4.25976064938191,4.256794828,0.121009909984,7,7.096662796,0.1940951473228,2.183512,7.09930595724962,7.096662796,0.128391064576,12,-0.094414068,0.0723810901643578,0.262732,0.11887843522202,0.099564252,0.064786252544,3,0.10720532,0.0951694795460702,0.348533,0.14322702801505,0.107836296,0.08639910048,1,-0.203663684,0.228109987887035,0.728775,0.305458550523602,0.241200764,0.213929246528,1,8.54558209141024,0.168645063513255,0,2.10650486,0,4.256794828,0,7.096662796,0,0.094414068,0.4,0.119304909315054,0.4,0.294842211180079,3
0.93253198,0.759289778070521,4.1288,1.20159509691775,0.999330188,0.62562455712,9,-0.717599728,0.682163786141712,2.715025,0.989158941234611,0.799002576,0.580460116416,8,8.139725504,0.37873941243466,2.881422,8.14849685824504,8.139725504,0.300444671616,10,-0.030497192,0.124094016034656,0.532925,0.127545310522308,0.099297776,0.100029464576,6,0.077484056,0.196153444987558,0.944077,0.210537522116073,0.15586452,0.151260338304,13,-0.524604916,0.52424923360119,1.799954,0.740910404696193,0.610842836,0.461020809312,4,8.29028122299772,0.303103890233847,0,0.93253198,0,0.717599728,0,8.139725504,0.8,0.110832879032142,0.4,0.157847482388804,0.4,0.664873948613217,3
0.236278932,0.451291670288765,2.422932,0.508603233073086,0.3517465,0.300602864192,11,-0.272297312,0.419985795123221,2.15119,0.499828312478683,0.452465768,0.267334018304,5,8.154363736,0.196530031182894,2.38223,8.15672222745975,8.154363736,0.10268817248,17,0.012111264,0.0904842705797849,0.385305,0.0911116695332931,0.063033304,0.0674472176,1,-0.035134672,0.172553946033265,0.815109,0.17575610945578,0.105386992,0.117998594304,2,-0.3112388,0.320927149359965,0.997369,0.446600323422373,0.31554484,0.275723,3,8.18544865014232,0.198015968451884,0.4,0.414914699847437,0.4,0.381323900313574,0,8.154363736,0.4,0.0886880022261434,0.4,0.162668429560188,0.4,0.362606661430239,3
0.64789014,0.3662304837593,1.601721,0.743874923407727,0.685910076,0.30366302176,6,-0.246080844,0.290391684313704,1.642423,0.380191797361579,0.31977438,0.190736728704,10,8.17660102,0.528966334737509,8.475475,8.19362498543945,8.17660102,0.13925219808,18,-0.022872076,0.0723971671525141,0.38344,0.0757859899520485,0.057746676,0.048260785152,11,0.048013336,0.0894714569047904,0.531326,0.101382451480086,0.062918176,0.060493438528,10,-0.283780376,0.315327458996541,0.816441,0.423751085632035,0.284654368,0.297695932096,1,8.219006538555,0.531457820833354,0,0.64789014,0.4,0.275324926199908,0,8.17660102,0.8,0.062295791024276,1.6,0.055341529513862,0.4,0.408052827545966,3
-2.522588384,0.774126460534917,3.60088,2.63824313604422,2.522588384,0.727198254208,1,-0.338631108,0.14477364887707,0.834379,0.368166537149769,0.340029324,0.097886815904,18,7.713476208,0.529330395327951,7.65546,7.73154480787187,7.713476208,0.256144010688,6,-0.00207733200000001,0.0700274989147463,0.258469,0.0699181700995957,0.062843572,0.062694004096,3,0.107049676,0.130109532518736,0.76155,0.168286688784764,0.121607068,0.096688636096,9,-0.111159616,0.137352268282332,0.463111,0.176484116138422,0.138387824,0.130064942144,1,8.16107607709433,0.520171256911083,0,2.522588384,0,0.338631108,0,7.713476208,0.4,0.080734527521693,0,0.107049676,0.4,0.172620792297965,3
-0.390403336,0.344130861900073,1.374272,0.519968374684046,0.445335888,0.29272123968,13,-1.036593544,0.137855141179714,1.209072,1.04568360379819,1.036593544,0.107796927424,13,8.120615028,0.514502119834455,7.898472,8.13683243127007,8.120615028,0.12036097328,22,-0.021612244,0.0368613540332572,0.186523,0.0426663037325241,0.035939372,0.028165184864,13,0.083856784,0.083919828232161,0.356794,0.118517203996112,0.099313768,0.068937368192,11,-0.21963972,0.168948572195771,0.510809,0.276895381269677,0.230564688,0.15431767328,2,8.20386552449789,0.519164625219734,0.4,0.391166496102873,0,1.036593544,0,8.120615028,0.4,0.0236477736231139,0,0.083856784,0,0.21963972,3
-0.33984738,0.395663369990923,1.921347,0.520979410376291,0.413052444,0.3366590056,8,-2.089606528,0.20445752114802,2.528277,2.09954545278315,2.089606528,0.123459580032,22,7.940504028,0.494219342402604,7.724891,7.95580793923882,7.940504028,0.123277775072,26,-0.010084048,0.0289365236831441,0.133231,0.0305885785436329,0.024421808,0.023568741376,12,0.063593936,0.154047003832789,0.761017,0.16637231190397,0.11583764,0.109572756544,9,-0.207961192,0.215805163161831,0.642441,0.299388440577748,0.24982352,0.203512446208,1,8.22879678453605,0.512194760902041,0.4,0.414040843899701,0,2.089606528,0,7.940504028,0.4,0.0311816000708809,0.4,0.157300438578112,0.4,0.261396204667808,3
0.244146344,0.488177348454969,2.096124,0.544950724688858,0.413493032,0.41523810528,7,-0.754939648,0.221428471787539,1.230619,0.786618279706273,0.758942752,0.154216463872,11,8.169030504,0.523231272637722,8.195352,8.18570310090037,8.169030504,0.148576923328,21,-0.044577024,0.0380452755366295,0.152683,0.058555651199453,0.04765092,0.0318152208,9,-0.051119228,0.096442841155831,0.50095,0.108982531605226,0.08246378,0.078823228832,8,0.281942868,0.262572568394399,0.762083,0.384916038993706,0.311162076,0.247758285344,1,8.22469313816914,0.526313283167422,0.8,0.42523232360579,0,0.754939648,0,8.169030504,0,0.044577024,0.4,0.0916650384248161,0.4,0.325420619877554,2
-0.38078342,0.458187365438719,1.601721,0.595056242843632,0.535008292,0.38536623792,11,-0.654522072,0.118772379714304,0.560243,0.665168845786873,0.654522072,0.096193989696,15,8.1682261,0.185021831905298,2.571373,8.17031295402384,8.1682261,0.0943455352000001,19,-0.04451842,0.0212261313979749,0.111648,0.0493014825213604,0.045294356,0.01617871184,15,-0.051020128,0.075230579421349,0.35253,0.090774748586201,0.068670552,0.06348490912,9,0.26038926,0.21065899589381,0.621657,0.334667402691287,0.270425292,0.193430016,1,8.21698658775407,0.178364695977293,0.4,0.479748661633691,0,0.654522072,0,8.1682261,0,0.04451842,0.4,0.0788272687527433,0,0.26038926,2
1.522650032,0.277366740860409,2.531869,1.54760708826542,1.522650032,0.177158204096,32,1.562628448,0.158478191815821,1.831564,1.57061215531747,1.562628448,0.100388563904,18,7.97205478,0.506221877019491,7.829039,7.98804688029176,7.97205478,0.13055278112,33,-0.020841592,0.0249544408868932,0.113247,0.0324746852269887,0.027737632,0.021078642432,15,0.045086508,0.0675370909496827,0.414616,0.0810913486320458,0.058377668,0.052485058112,14,0.182401048,0.159376634892736,0.406888,0.242011260924429,0.193505056,0.1521901424,1,8.27016106516338,0.525684827846379,0,1.522650032,0,1.562628448,0,7.97205478,0.4,0.0218993164682601,2.4,0.0476443440131172,0.4,0.20019756715296,2
2.375579584,1.01101142584262,7.189788,2.58097537506447,2.451226784,0.719109158656,12,-0.079535364,0.616476183751478,2.765303,0.620361658807883,0.506143804,0.528086951744,3,7.924472424,0.575460330578219,8.783129,7.94525601679627,7.924472424,0.256984426944,26,-0.039795616,0.0544605555584174,0.295774,0.0673630414701118,0.050756816,0.042126136704,16,0.0630237,0.190915881513935,1.101555,0.2006864845491,0.149265868,0.1493915408,14,0.21286194,0.36461239763004,1.228392,0.421569255525196,0.257900484,0.32257445488,2,8.3571717102374,0.576529441782615,0,2.375579584,0.4,0.733314510936669,0,7.924472424,0,0.039795616,0.8,0.126155261505325,0.4,0.410366820961772,2
2.345996848,0.35524861538512,1.838747,2.37263524024323,2.345996848,0.2463614496,22,0.96192326,0.205612411492164,1.143232,0.983566833536802,0.96192326,0.1519731416,14,7.967927184,0.22902527127331,2.723405,7.97120482575303,7.967927184,0.137468127808,29,-0.00493168,0.054936591376695,0.231555,0.0550479647527863,0.046173664,0.04472779904,8,0.034258544,0.0581855158505555,0.340272,0.067421508992131,0.046206712,0.043039667968,22,0.222583588,0.286105580601721,0.802319,0.362039267601452,0.25202874,0.26991780256,1,8.37175027178984,0.225630442447632,0,2.345996848,0,0.96192326,0,7.967927184,0.4,0.0588854183096541,0,0.034258544,0.4,0.376772636538869,2
3.794043568,0.365076374039841,4.473566,3.81149763632732,3.794043568,0.242475567616,14,0.890609492,0.151705788131992,1.240196,0.903386879918364,0.890609492,0.104805900512,26,7.527647892,0.491252226810482,7.422025,7.54359637184261,7.527647892,0.171911274016,24,0.04429566,0.0878798075168876,0.310695,0.098255150611884,0.080594244,0.078667196,3,0.039482268,0.0763832320802431,0.485228,0.0858481801605369,0.05768274,0.052297772896,24,0.253881188,0.248611498675583,0.718916,0.354987470461869,0.266716148,0.235063154976,1,8.4826622264886,0.543222072450869,0,3.794043568,0,0.890609492,0,7.527647892,0.4,0.101411328297653,0.8,0.0522390573671963,0.4,0.311241175476491,2
3.99216376,0.513875030098065,5.146337,4.02496990833837,3.99216376,0.34735787872,18,1.284503596,0.511013342097287,2.03986,1.38204181752766,1.284503596,0.461048697568,2,7.37541496,0.54221907416789,7.789535,7.3952397764025,7.37541496,0.25160693536,25,0.026791212,0.108056144244569,0.539587,0.111117932073073,0.077821988,0.081154682272,9,0.06383374,0.164817617416963,0.970989,0.176439604356131,0.110720468,0.1140420784,15,0.296338252,0.301859226635437,0.858809,0.422576473945888,0.312978316,0.285150591968,1,8.51340876648509,0.56846943951264,0,3.99216376,0,1.284503596,0,7.37541496,0.4,0.113198226174377,2.4,0.0842923205236904,0.4,0.403508584166087,2
-0.726041636,0.484825007187982,2.789245,0.87249729148577,0.792590892,0.370569748832,11,0.602831268,0.206665341070464,1.133654,0.637138335548458,0.602831268,0.13688928896,16,8.069795716,0.523486644376613,8.201338,8.08668937277458,8.069795716,0.15678617152,18,-0.103405536,0.0910376527484783,0.382374,0.137649582914472,0.106566856,0.07886048288,5,0.052673204,0.119756185238097,0.848416,0.130608744526529,0.083237516,0.086325843808,7,0.357309148,0.383588452193094,1.091964,0.523661500874139,0.376473132,0.362927887552,1,8.14155166511669,0.527247796783639,0,0.726041636,0,0.602831268,0,8.069795716,0,0.103405536,0.4,0.0820123400346133,0.4,0.47791291762849,2
-2.685882456,0.6486500842839,3.648763,2.76279360639964,2.685882456,0.407563844672,21,-0.194610324,0.240847601371049,1.265336,0.309271264467341,0.26989358,0.193817886464,9,7.66020526,0.568371626766662,8.231265,7.68117821341366,7.66020526,0.26277079456,14,-0.154260412,0.14538699981768,0.494555,0.21177607255668,0.1602761,0.135309024736,3,-0.001408012,0.107053398955454,0.650168,0.106848355180583,0.07860962,0.078497587136,34,0.335996384,0.366022457753055,0.951538,0.496316552093867,0.34996544,0.354775049152,1,8.14966493442816,0.559813355801644,0,2.685882456,0,0.194610324,0,7.66020526,0.4,0.172590276851545,5.2,0.0656760748668574,0.4,0.468766123893026,2
-2.230510148,1.11508065976404,6.151902,2.49271072902567,2.3083217,0.751048848448,13,-0.559850588,0.359249576680903,1.514333,0.664813280700658,0.563604708,0.300564526368,6,7.703583376,0.708170650220009,8.459911,7.73593539774844,7.703583376,0.413605053568,8,-0.179480604,0.196085257751553,0.749026,0.265535153617121,0.195894708,0.156381063808,6,-0.004554364,0.0983850336717627,0.658163,0.0982936347005034,0.072529996,0.072740288384,30,0.440175792,0.464385011551194,1.364021,0.639175682469551,0.473187296,0.442787429696,2,8.13290899943488,0.597914012639022,0,2.230510148,0,0.559850588,0,7.703583376,0.4,0.185592024571812,0.4,0.0662276629666622,0.4,0.594413374281934,2
-1.530445552,1.75653114197695,9.506178,2.32708479298896,1.957197624,1.326537511744,3,0.044359776,0.420455932786296,2.285266,0.421952424304333,0.325276216,0.310804436096,7,7.904308436,0.430734972564978,3.526659,7.91598903091363,7.904308436,0.32377976912,10,-0.171481436,0.165417059104753,0.612864,0.238032004406374,0.175565772,0.144229227808,3,0.107699852,0.217995973238901,1.40932,0.242757931882367,0.166018932,0.155012710112,15,0.44184276,0.57883957879672,1.657663,0.727282655859506,0.487599672,0.5289533904,2,8.25170185310429,0.407837803363504,0.4,1.94131612389168,0.4,0.458418718717515,0,7.904308436,0,0.171481436,1.6,0.148598380563657,0.4,0.697672715633738,2
-2.415577124,1.53625970237308,6.373365,2.86106035232307,2.472176068,1.274861546816,3,-0.263548952,0.532520286205775,2.440889,0.593212941446911,0.454060312,0.46404471616,1,7.663743848,0.777071968144734,8.700529,7.7028822688692,7.663743848,0.543014879808,6,-0.247832468,0.208992764490886,0.782067,0.323920045539136,0.247832468,0.174814824768,4,0.103659236,0.221824030365754,1.19615,0.244446955501638,0.172483284,0.160724533184,13,0.478429116,0.441155653345129,1.177764,0.650180172162298,0.482229956,0.414562284928,2,8.2143698514615,0.630620212492819,0,2.415577124,0.4,0.595337567709064,0,7.663743848,0,0.247832468,2.4,0.171175660551638,0.4,0.59287064799835,2
-0.564011684,0.704119226703169,4.246116,0.901060447228671,0.716570212,0.479790038496,13,0.201773696,0.267477195511645,1.357512,0.334619931139494,0.302559992,0.190645015168,10,8.12811366,0.538791354154946,7.942765,8.14588034583724,8.12811366,0.192098625440001,16,-0.129338728,0.118105361653582,0.353596,0.174990249746024,0.129338728,0.105550114368,1,0.073115176,0.101559948966991,0.668288,0.12497597570234,0.085555776,0.071212255872,19,0.268200888,0.363142641431229,1.027213,0.45086228943829,0.305064376,0.339199599808,1,8.18581353004026,0.522297873110736,0,0.564011684,0,0.201773696,0,8.12811366,0.4,0.146118091133713,0,0.073115176,0.4,0.434598176758076,2
-1.113658088,1.13189453830454,6.811504,1.58628334222739,1.266063384,0.734651895424,3,0.630445996,0.366693301510325,2.00275,0.728963836781691,0.662451692,0.252390725696,8,8.015021172,0.391385191504577,3.137601,8.02453325909145,8.015021172,0.263962521088,10,-0.154866952,0.153221161080109,0.512407,0.217638668732594,0.15715852,0.141214063552,3,0.123114176,0.176179376010972,0.871066,0.21464416175067,0.140459832,0.139697770176,8,0.34124252,0.419911695773058,1.024281,0.540432221813215,0.371482808,0.40614262656,1,8.20487110849642,0.348414706376629,0,1.113658088,0,0.630445996,0,8.015021172,0.4,0.182324711693024,0.4,0.149814071151136,0.4,0.535296196677589,2
-0.88507894,0.614118156933964,3.600879,1.07656735797849,0.938000372,0.42301535216,12,0.303996604,0.20467053847751,1.118092,0.366246371240623,0.330476468,0.142696175552,18,8.116587956,0.215927031314756,2.661156,8.11944813595144,8.116587956,0.118601401632,22,-0.022098256,0.0355556060832925,0.203844,0.0418028376751627,0.034498352,0.025886479232,13,0.026004596,0.0693942797722494,0.394631,0.0739766369468902,0.058781628,0.051816673088,23,-0.365679232,0.437953150140251,1.153249,0.569874591982313,0.38577904,0.417195847552,1,8.19511035994972,0.24284521108703,0,0.88507894,0,0.303996604,0,8.116587956,0.8,0.0256576260603429,0.4,0.0409150436895419,0.4,0.576072732181384,3
-0.182490872,0.650705320257029,2.882619,0.67455664144598,0.564873544,0.57722226976,6,0.61403132,0.189154603278332,0.942119,0.64239458903898,0.61403132,0.15721525184,12,8.138992912,0.542120842037676,8.157045,8.15695562381753,8.138992912,0.175094243008,30,-0.02390912,0.065421317439683,0.325351,0.0695303890368521,0.057726416,0.04947730592,11,0.015103092,0.21856166334441,1.288879,0.218646352059896,0.151067188,0.149878206848,9,-0.440666024,0.40709944411027,1.020018,0.599377662474404,0.44554336,0.38870839904,2,8.19163009799982,0.549569799822371,0.4,0.691748967394644,0,0.61403132,0,8.138992912,0.4,0.0618547496039291,2.4,0.140923674767456,0.4,0.551902903794937,3
0.933781752,1.38181181309088,6.520608,1.66544727674535,1.042928616,0.950476180096,8,1.167925128,6.81419314443522,16.813281,6.90011191224049,6.743733584,6.614483426688,2,5.385828556,1.89902352502229,11.526884,5.70955466055093,5.385828556,1.179534532192,6,-0.643717932,1.19605907971741,4.074478,1.35617398178262,0.672920084,0.925067537184,2,0.017625948,0.399746820717926,2.630784,0.399335704181697,0.21521322,0.2157156816,19,0.22720618,0.506600731780083,2.166606,0.554292677621262,0.258586924,0.3606725768,2,8.84768986816696,2.17291132495565,0.4,1.12887866206341,0.4,8.82624386935515,0,5.385828556,0.4,1.18634696014443,1.2,0.283913932803615,0.4,0.447102684590495,1
1.72475898,1.22185263113965,6.702568,2.11228447324328,2.007485484,0.67443453872,12,5.207747804,4.64422613401524,16.753426,6.97159940246149,6.782519604,3.391000739168,1,5.012002712,1.62226547262497,7.995437,5.26700953746163,5.012002712,1.136111702144,4,-0.812497388,1.1170996238839,3.192221,1.37951873090207,0.812497388,0.956038832992,2,0.01536422,0.257131816450364,1.361623,0.257076570700537,0.17695986,0.17697465984,10,0.268892608,0.522817226441354,1.819406,0.586981886851559,0.311744064,0.409012562432,3,8.91353276748458,1.16649467822785,0,1.72475898,0,5.207747804,0,5.012002712,0.4,1.31089203070723,0.8,0.243050670831619,0.4,0.499502083924835,1
-0.528457768,1.33634527520922,6.240487,1.4345532518367,1.236308304,0.943064340928,7,5.063870676,7.1071088544277,21.672313,8.71502946104387,8.506148516,5.852598922112,2,2.811865404,2.26561008900519,10.494983,3.60819126007929,2.811865404,1.731650140224,2,-0.958338676,1.41671568140524,4.662561,1.70805971984858,0.978677228,1.188318572992,2,-0.095706928,0.422822664671593,2.847951,0.432693547218056,0.233694008,0.244758476352,14,0.412723724,0.73100705241217,2.972922,0.83819729049076,0.444417836,0.55552312864,2,9.32528087954683,2.02094013324921,0.4,1.16979787961495,0.4,7.27886875308487,0,2.811865404,0.4,1.56691904144954,0.8,0.275301828899124,0.4,0.733510453034054,1
-0.0976403159999999,2.1115611502411,8.47308,2.1095945962557,1.611331276,1.652812788512,3,4.107238664,7.50850110665326,19.946094,8.54526114031603,8.258248112,6.71097590752,1,2.933447752,1.83522972998966,5.954379,3.45828159682007,2.933447752,1.568910026432,3,-0.917495324,1.33355570691576,3.681978,1.61649466739475,0.936770148,1.14727332864,2,0.140895764,0.387385826540775,2.216168,0.411484050484832,0.223467156,0.252295055392,6,0.420390404,0.652658874215068,2.163675,0.775234057199886,0.470566364,0.576212416512,2,9.28198238661733,1.81371169003093,0.4,2.02442020857492,0.4,8.90135759163292,0,2.933447752,0.4,1.55301015560116,0.8,0.30099132903099,0.4,0.752632803131081,1
0.461281272,1.80051905788499,7.13113,1.85517703041887,1.463934632,1.26339666272,7,3.942100956,7.65475310081089,20.241779,8.59657047906504,8.273690708,6.838735297376,1,2.476308464,2.18308057734907,7.978677,3.2983148807911,2.552750536,1.858998693632,3,-0.950379964,1.35211725894696,4.06302,1.65049394836428,1.054076532,1.18810437136,2,0.085107044,0.347447101323529,1.521235,0.357043161541666,0.256873044,0.274202531488,3,0.4163082,0.624812952192811,2.046964,0.749761413860585,0.506074088,0.5423687296,2,9.28436428651998,1.42488168457134,0.8,1.70277792292443,0.4,9.15001007974683,0,2.476308464,0.4,1.67331016137244,0.8,0.304433128892606,0.4,0.759944734460828,1
0.011257536,1.45691253312285,5.284004,1.45403936837025,1.145486656,1.151070393856,2,5.5271918,6.61098918120441,20.667946,8.60698590890986,8.27066924,5.4524477632,2,2.368751348,2.24218307652581,7.540538,3.25856691775939,2.368751348,1.920505448224,2,-1.009529356,1.32311262531533,3.537822,1.66215944837357,1.009529356,1.160031394528,2,0.048290452,0.390417119941271,2.012857,0.392616598206734,0.240026196,0.238851691104,10,0.362297296,0.483870937920376,1.37468,0.603700166402661,0.364450304,0.427110683456,2,9.20296121600363,1.45832333967633,0.4,1.37494108919567,0.4,6.98902137190422,0.4,2.68206543932658,0.4,1.61575358575534,0.8,0.372987846909756,0.4,0.585224270315108,1
0.227343848,1.3863861653416,4.821922,1.40216388424329,1.035741216,1.126245263552,4,3.549083188,7.52280518777071,20.015526,8.30434940118259,7.968377292,6.814579389856,2,3.263612952,1.83475789034205,6.505045,3.74219730513637,3.263612952,1.610288860864,5,-0.896281684,1.14687523429023,3.047264,1.45374769781074,0.90293898,1.043720392576,2,0.022456384,0.378604348820501,2.204977,0.378513113532897,0.239260896,0.237988272,6,0.369498168,0.510225197933191,1.42744,0.629140151119682,0.377973832,0.443306773824,2,9.10042298648332,1.45709201542643,0.4,1.42612464957275,0.4,9.1448801319025,0,3.263612952,0.4,1.42521588222429,0.8,0.327204913849246,0.4,0.618619574011725,1
0.68237622,1.45461646639031,5.390545,1.60408314424725,1.004875188,1.19210205568,4,4.27495252,7.00853688728899,19.036298,8.19745875204889,7.887448488,6.15039889696,1,3.320082632,1.77768062584921,5.77242,3.76436667942931,3.320082632,1.540330067072,4,-0.883922112,1.11070162463406,3.05819,1.4177594177615,0.884060672,0.95939480384,2,0.055031964,0.362098540397448,1.8703,0.365539886480023,0.238861228,0.249158831616,8,0.400321496,0.523995037389222,1.476202,0.658581670084566,0.402387112,0.453429194624,2,9.08119615745042,1.21641449729248,0.4,1.62198144349337,0.4,8.0944288464679,0,3.320082632,0.4,1.37644306623773,0.4,0.334914385264828,0.4,0.642429750586908,1
0.877182808,2.06988648477549,6.2764,2.24426870456004,1.900723208,1.815400642752,2,-1.085253312,8.30224906157352,20.111294,8.35639903748521,7.996911408,7.883006634048,1,2.759212116,2.20816345764692,6.823474,3.53125097003111,2.7737497,1.969821069056,2,-0.937077152,1.06665136747291,3.093096,1.41820582003224,0.952022496,0.972872447104,2,0.173801764,0.320120188938549,1.469008,0.363695038176355,0.25437362,0.265889949248,2,0.4508886,0.59209472416868,1.758653,0.743286208232597,0.47733236,0.5134491936,2,9.24642488311336,1.35900506448659,0.4,2.76374033340285,0.4,10.9335600233428,0.4,2.93419583928493,0.4,1.37139894352361,0.4,0.335328735904435,0.4,0.72272364540241,1
0.788147268,1.64185542011179,6.657078,1.81826361667502,1.368310204,1.313053370432,6,-0.560281499999999,8.21245732449309,19.782091,8.21514411587746,7.965259996,7.905688272,1,3.670833104,1.64331220665035,9.123105,4.02053339569692,3.670833104,1.165806017088,2,-0.842149336,1.21533273588118,3.915133,1.47659778829377,0.85568352,0.9902492064,2,0.10498092,0.324735902090848,1.509776,0.340664917545638,0.223797552,0.24603788448,6,0.41947058,0.627296814119758,2.224695,0.753580025822285,0.4459207,0.50963840272,2,9.14586710487504,1.82367273357802,0.4,1.999037335188,0.4,10.7891502545456,0,3.670833104,0.4,1.37428947501768,0.4,0.252884248540079,0.4,0.710320647804591,1
0.384149692,1.04965121463168,5.153519,1.11576502344891,0.971332428,0.78849677888,11,0.800506088,8.0267910897478,19.504364,8.05061908765941,7.720112984,7.670400475072,2,3.744469192,2.17863637472022,8.817845,4.32995613803167,3.756028392,1.746898250048,4,-0.898495488,1.20239367929221,3.783501,1.49908695535589,0.958690456,1.037913233024,4,-0.087894228,0.288447378119462,1.880693,0.300989165419508,0.20268414,0.203426569888,17,-0.306060932,0.425825275397547,1.508977,0.523712851287264,0.340692532,0.348120902784,4,9.06561032795618,1.62208305422673,0.4,1.03767731297009,0.4,10.6000031671013,0,3.744469192,0.4,1.46571235512804,0.4,0.158210797241358,0.4,0.490853252176593,1
2.066282276,1.23801656845155,3.830723,2.40750425290949,2.072373116,1.166529629376,1,-1.489672352,7.86716993557324,18.744205,7.99149029032257,7.613714656,7.39748950176,1,3.347098776,2.39079546663284,7.887697,4.11048775301907,3.347098776,2.112036885696,2,-0.9793626,1.17730785154258,3.252707,1.52959493476978,0.980841984,1.0499288752,2,-0.0239678,0.172985570090172,0.950738,0.174295056919076,0.117572864,0.1257555168,8,-0.074379284,0.129621836755304,0.611797,0.149220947490344,0.106683044,0.101958199072,8,9.20784307758372,1.3337333289611,0,2.066282276,0.4,10.2646121341008,0,3.347098776,0.4,1.50534368265412,0.4,0.142768810397309,0.4,0.12373000377258,1
1.292873716,0.815160781950636,3.055001,1.52753121000924,1.328461124,0.696611059616,5,-0.923022228,7.53110002400915,18.112136,7.57248755262934,7.121035876,7.052098341408,1,4.237990808,2.09241763906864,7.872135,4.72453858262084,4.237990808,1.909395144064,2,-0.938805956,0.898922181979507,2.451721,1.29853204347018,0.949323772,0.827009333312,2,0.02258538,0.209543776327971,1.138062,0.21034034137735,0.149487548,0.14842562336,16,-0.157260844,0.122936754520509,0.397029,0.199459180999973,0.157356764,0.111067459264,4,8.9788544149285,1.17596305336603,0,1.292873716,0.4,9.84411473946323,0,4.237990808,0.4,1.2092716463482,1.6,0.153044475116815,0.4,0.159089040003788,1
1.795205944,1.79050159831724,4.802769,2.53295021093097,1.874932888,1.71406574528,1,1.062656872,7.75709712388347,17.793707,7.81416055592746,7.580210192,7.488184473216,2,3.6847099,2.24103184826272,9.628283,4.31036215382259,3.6847099,1.7162301312,2,-0.918756244,1.25892981323949,4.01932,1.55649532394208,0.922247972,1.037569140416,2,-0.150638712,0.380367681797448,1.838591,0.408402836199212,0.235431344,0.291572574976,2,-0.045483004,0.0709741139783232,0.335743,0.0841776645461966,0.054779356,0.05577839728,10,9.15002493642777,1.53054821422524,0.4,2.312421937868,0.4,10.2003047193019,0,3.6847099,0.4,1.48862484677586,0.4,0.343357808141455,1.2,0.0620908956613688,1
1.998717868,1.28903725212479,4.916493,2.37693998348264,2.008553252,1.171445107552,5,2.10799408,8.02557930606186,20.069396,8.28226554430682,8.03623856,7.55801288736,1,3.359132048,2.97651600000194,13.284228,4.48419190313876,3.400772024,2.113001816512,4,-0.984068288,1.47242612382427,5.060389,1.76854655884626,1.123148936,1.193744847552,4,-0.04744312,0.258916231885373,1.433835,0.262717175511081,0.190043168,0.19348973632,12,0.018783468,0.155657248470602,0.694135,0.156477094028295,0.117734852,0.121147220832,12,9.42194445177246,2.36709072012223,0,1.998717868,0.4,9.95870361633072,0,3.359132048,0.4,1.43111535552497,0.8,0.184671833634984,0.4,0.13454194492994,1
1.129426364,1.43517978318791,5.312734,1.82403562402966,1.223729172,1.302877986624,3,2.80080424,7.8579051733882,19.588161,8.32731597874772,8.072750184,7.3399934384,1,3.101913348,2.596227020939,10.516531,4.0416951374117,3.200688516,2.056064111904,2,-0.976794972,1.52150607391787,4.469108,1.80550525542342,0.999766156,1.2969600968,2,-0.158337324,0.317302679977701,1.524965,0.354046571695911,0.203352436,0.252386469152,6,-0.035348908,0.0850216441256865,0.642708,0.0919201313464466,0.054888052,0.063566349824,5,9.28721746967356,1.66290397223883,0.4,1.59830928457669,0.4,9.7651180392485,0,3.101913348,0.4,1.70256971442198,0.4,0.286124951547058,0.8,0.0408575092543764,1
1.119830372,1.18139709591895,5.731719,1.62608006073084,1.289933604,0.919437389088,5,3.194372628,7.23767104664514,18.377893,7.89799741309423,7.599148348,6.520400666112,2,3.647087436,2.54988479102809,9.979033,4.4471509490409,3.741179564,1.94178379296,4,-0.970784652,1.23380516857763,3.685976,1.567995195717,0.991069884,1.081856251264,2,-0.171531484,0.367868836172904,1.726943,0.405227369149642,0.234533884,0.257000784448,10,-0.18375996,0.336158039865022,1.408787,0.382515283033282,0.22986012,0.26421222528,2,9.0891954069316,1.48153898035785,0.8,1.12680133186434,0.4,8.70699105996973,0,3.647087436,0.4,1.5488039779266,0.8,0.314058677429514,0.4,0.339482590704454,1
0.9351608,1.26665215431236,5.893328,1.57242353428098,1.09697056,0.9947269888,7,4.518639096,6.63186837874241,18.920179,8.01397846017141,7.662398352,5.775374844672,1,3.568193708,2.23295369051071,8.467094,4.20691623318558,3.568193708,1.782466193888,6,-0.978207188,1.19983772133245,3.753657,1.54620225648425,0.982470596,1.013532502656,2,-0.255044036,0.3463993037017,1.145256,0.429604431999685,0.282421468,0.304392965792,6,-0.187874132,0.358917558369823,1.510043,0.404478943736363,0.23387834,0.266269167136,2,9.07955464411067,1.40144725427927,0.4,1.27477551579017,0.4,7.4479258955178,0,3.568193708,0.4,1.4934535260887,0.4,0.395277624939572,0.4,0.358640242136183,1
0.972721032,1.42281449329559,6.739677,1.7211884510703,1.50978836,1.002890228928,15,3.75298296,7.63607001893824,20.406979,8.49477534551923,8.174824512,6.76080630816,1,2.668519764,2.82076885653907,11.02889,3.87890548030127,3.038701652,2.311108898816,2,-1.059985604,1.3039904108456,3.625755,1.67843942646085,1.0860755,1.179417937632,2,-0.138980424,0.699475787073408,4.312962,0.711775856186746,0.374541784,0.40356820352,6,-0.224457312,0.469714238400891,1.98861,0.519740343636866,0.283132392,0.335899765248,4,9.36296159284244,1.585753526876,0.8,1.33529969264845,0.4,9.04394462093808,0.4,3.12704326726582,0.4,1.65863219091199,0.8,0.463231190772764,0.4,0.439467526612252,1
0.979376932,1.29595719309818,6.135141,1.62233356653041,1.499234716,0.953146638816,3,4.87412056,7.28667338935822,20.622457,8.75444332212296,8.422739272,6.245306712,2,2.264158228,2.57932168575835,8.681376,3.42822129370449,2.294746548,2.122543777024,2,-1.032259648,1.50362977712971,4.295376,1.82137829061773,1.075835872,1.312297849728,2,-0.010558312,0.3528219165994,2.142625,0.352273827534536,0.205020488,0.209226484288,11,-0.300789276,0.47479723495359,1.423176,0.561252949407752,0.322509164,0.409845680192,2,9.36242019150804,1.83944767487428,0.8,1.15187516595408,0.4,8.05137127294913,0.4,2.69906820680828,0.4,1.79144936256505,1.2,0.299494377475858,0.4,0.549965239553334,1
0.239300476,5.36818161760826,27.600357,5.36277624947401,3.567987828,3.52248841584,12,-7.0667928,1.70325860699217,6.139931,7.26835923719347,7.0667928,1.4201749952,5,3.28296768,2.5589334135588,9.178172,4.1593057644386,3.356431368,2.16712522304,5,-0.316966712,0.672346842090397,2.834628,0.742098357012562,0.542811784,0.53189901792,5,-0.00428688799999998,1.01536575496342,4.072612,1.01334205641321,0.780393992,0.780839828352,12,0.088092488,2.20437838315878,9.60464,2.20172823172052,1.486702888,1.499653821696,7,9.72067909183312,2.10102230292264,1.2,4.26550272670318,0,7.0667928,0,3.28296768,0.4,0.661604711548934,1.2,1.11071760359853,1.2,2.19416042684107,6
1.5436041,6.1449149471966,31.638178,6.32389542979515,4.879253756,4.1975610528,7,-6.599985652,2.42351433810702,9.6211,7.02920611923055,6.599985652,2.03031579984,5,3.443949004,3.0150912745124,10.504561,4.57331357269746,3.584977068,2.595247852512,5,-0.435249396,0.735588884595023,3.019819,0.853445182674058,0.634015484,0.6130862592,6,-0.012361732,0.689620461471308,3.624423,0.688350846425295,0.456665524,0.459658753536,13,0.187024712,2.11238577378009,9.327254,2.11643644023111,1.418810408,1.4199167344,9,10.1514999256787,2.70052024713718,2,5.39311136209345,0,6.599985652,0,3.443949004,0.4,0.79759191888147,2,0.664610847333778,2,2.04856564802418,6
0.66760872,7.68556806353506,28.066029,7.69918086788543,6.543822488,6.49124758368,9,-6.764989332,1.6654510219537,6.578069,6.96618352185573,6.764989332,1.403307670304,7,3.570477744,1.07393531125769,5.712565,3.72787272113124,3.570477744,0.816584594048,17,0.169271884,0.271092375256182,1.242248,0.3191395969341,0.24284746,0.217022720512,18,0.09912404,1.1504879043753,4.570364,1.15245542375718,0.974493776,0.96599682208,11,-0.206383708,3.07664468867414,9.585455,3.07741349270995,2.706669356,2.711331650656,8,10.5806082799141,3.12922202319299,1.6,10.1804847183949,0,6.764989332,0,3.570477744,3.2,0.23370349300137,1.6,1.43861575586424,1.6,4.13604386762162,6
1.145366928,4.84556621440029,16.840814,4.96965384007188,4.34150168,4.149237928064,7,-7.930984664,0.780994595251567,3.090914,7.9691925869679,7.930984664,0.655032890688,11,2.879707484,0.797596445885017,3.933674,2.98769654475351,2.879707484,0.615186595744,12,0.0150807,0.372845561036271,1.363755,0.37240459804815,0.319973468,0.3199704816,7,0.015201132,0.923360987852618,3.161311,0.921637784732534,0.811968724,0.813428032672,6,0.08399962,2.14531580954729,7.28695,2.14266804222281,1.842733012,1.83219525456,6,9.75572044179741,1.40199910460416,1.2,5.06144161769895,0,7.930984664,0,2.879707484,1.6,0.343150442621071,1.2,0.974691318133134,1.2,2.3250638339377,6
0.621515616,3.66550409656763,17.033547,3.71058732032519,2.925781536,2.707471249024,4,-8.677515896,1.16261634803963,3.70383,8.75474455315349,8.677515896,1.01351305728,3,1.855803192,1.324066911209,6.393716,2.2781892063774,1.855803192,0.92300228544,7,0.063483068,0.41117498926223,2.006463,0.415233322639583,0.283327444,0.291940064672,10,0.12721346,0.627655977863408,2.541519,0.639186579057048,0.524457852,0.50961961088,5,-0.10120776,1.51615393341345,6.376714,1.51649954483675,1.081776928,1.10798378272,4,9.6881487746673,1.32322846363121,1.2,3.81541518249719,0,8.677515896,0,1.855803192,1.2,0.393572823011634,1.2,0.574952462832934,1.2,1.66574110057721,6
0.448577608,4.38563557441912,17.469293,4.39978250194746,3.617973944,3.530788236992,5,-7.79235564,0.940902345861613,3.488352,7.84872998999137,7.79235564,0.78562584224,5,3.126717272,0.885142029716942,4.084508,3.2491080939457,3.126717272,0.721790589888,10,0.041457296,0.279695064895303,1.393598,0.282196951438374,0.206035184,0.212063672832,10,0.037346308,0.538456207724052,2.273458,0.538674385883766,0.427204396,0.428026623104,11,0.101965584,1.94791218878836,6.56457,1.94668472741988,1.612882464,1.616704572032,5,9.4495494223844,1.49408728915065,1.2,5.10158773442672,0,7.79235564,0,3.126717272,2,0.203240088973641,1.2,0.599686450941535,1.2,2.37761402478721,6
-0.931880736,4.06207310004691,15.874755,4.1596679945366,3.197351,3.176989638528,5,-7.787911964,0.719508342101243,2.598906,7.82094586634828,7.787911964,0.599281089408,11,3.179782384,1.09048993688304,4.830302,3.36086709627592,3.179782384,0.83758346816,7,0.02790392,0.440971744053006,1.599308,0.440972656168502,0.367713976,0.371736472,4,0.087756748,0.319634665690693,1.808214,0.330845736035228,0.241931956,0.237673705792,12,0.061691404,1.53166409670415,5.301804,1.52984206859385,1.251408044,1.234731582272,6,9.40358611333235,1.15905199330664,1.2,4.34133381044922,0,7.787911964,0,3.179782384,1.2,0.452741494521757,1.2,0.270328623328023,1.2,1.75101897757892,6
-0.31456462,3.56346684338144,15.306131,3.57021759284488,2.66131318,2.70858063888,6,-8.206183788,0.827284139417308,2.501941,8.24761261296723,8.206183788,0.747789048128,3,2.859342416,0.864803564636606,3.148375,2.98675956791357,2.859342416,0.756909953216,6,0.063529952,0.219287838481438,0.94834,0.227883440123586,0.166574208,0.179384202944,3,0.043876768,0.4087224397719,1.921727,0.410257221035935,0.297267664,0.308997464192,8,0.00230223200000001,1.32504177516762,4.222631,1.32239104027053,1.07985304,1.079790628288,4,9.42178794748165,0.961201172400061,0.8,4.1658074332402,0,8.206183788,0,2.859342416,0.8,0.178210433653055,0.8,0.366377353923455,0.8,1.59218190307351,6
-0.825956524,3.89632089755086,16.354791,3.97527300321411,2.993226172,2.941973096224,6,-7.605938248,0.963609592729514,3.580529,7.66649371654349,7.605938248,0.847555515776,6,3.459597524,0.991431972796406,3.811569,3.59830802396393,3.459597524,0.820902055488,4,-0.015047676,0.310216612393027,1.259035,0.309961032665701,0.249886356,0.252186277568,5,0.036939172,0.442719846329489,1.72721,0.443374966944139,0.35117302,0.357279222656,4,-0.15660002,1.69638225865191,5.815277,1.7002133638644,1.384629604,1.41771635264,3,9.24253393471493,1.4524969695791,0.8,4.07552315469217,0,7.605938248,0,3.459597524,0.8,0.333856707213958,0.8,0.462475471559581,0.8,1.93796486246123,6
-0.65507276,3.3693101870714,13.330915,3.42577910161328,2.802221576,2.8278506368,4,-7.747785128,0.995165001576496,3.53863,7.8111821356629,7.747785128,0.816562649408,4,3.534679708,1.2537508250006,5.115213,3.74960854020948,3.534679708,1.06339906496,4,-0.017200704,0.379305673268067,1.49672,0.378936890281672,0.301383984,0.299317982784,4,0.032899592,0.619401781310986,2.211639,0.619036602777432,0.528398304,0.523250343488,4,-0.096067164,1.56411312462222,4.958601,1.5639350904523,1.325919452,1.332436231552,3,9.26677690394131,0.969897743824215,0.8,4.22771930983799,0,7.747785128,0,3.534679708,0.8,0.476581282464257,0.8,0.812708274888763,0.8,2.07569875586771,6
0.133065,6.11840362633599,23.509863,6.10760425840176,5.144042928,5.154011168,11,-8.423658696,0.952396973149207,4.064157,8.47711375299296,8.423658696,0.788026875136,15,1.533222836,1.86607926371861,8.289923,2.41228005754691,2.059334276,1.501732744864,11,0.00198568,0.6749286459538,2.331814,0.67358036294534,0.56991744,0.57033781888,10,0.0398031,0.624187343851208,3.012358,0.624208048356267,0.50007334,0.5016686752,21,-0.116327932,2.18868670765564,7.081773,2.18740035064795,1.88405922,1.88698566528,9,10.49456778069,2.20610451235878,2,7.45604015721757,0,8.423658696,2,2.09871461135732,2,0.782580605173604,2,0.498925321027847,2,2.73307716695677,6
-0.535831904,6.27095262339592,20.955249,6.28129471104492,5.416191816,5.362716610304,5,-7.425650072,1.10314736375367,4.65792,7.50681992334475,7.425650072,0.915756104128,6,2.695559876,1.67654463340066,7.521385,3.17263325098483,2.79156738,1.264000945088,9,0.085143304,0.530735562369595,2.298505,0.536472644625196,0.41558872,0.406616126272,6,0.048667788,0.704444377773315,2.783734,0.70471658660751,0.615682884,0.615369366912,5,-0.0191533239999999,2.41546631628727,7.366089,2.41070663184847,2.13335402,2.135748093472,4,10.0809121799025,2.06515846676365,0.8,7.89962770760738,0,7.425650072,0,2.695559876,0.8,0.529940634748864,0.8,0.760815988144233,0.8,3.1516806745571,6
-0.820354028,5.28765388149229,19.792866,5.34045196284308,4.401974468,4.378918964448,7,-7.363228484,1.16677180573173,4.481945,7.45473304206481,7.363228484,0.994836561408,6,3.652637204,1.64435917288776,7.417237,4.00435512475445,3.652637204,1.273866097376,14,0.023657604,0.580958237461925,2.791195,0.580277611154513,0.428866012,0.429880823488,9,0.067314832,0.575936768625863,2.645173,0.578712048791597,0.457175,0.449182481408,17,0.0574898,2.05907332779063,6.800389,2.05575507160896,1.7579404,1.7533391056,8,9.88364687309021,1.56577872034748,1.6,6.90999284866609,0,7.363228484,0,3.652637204,1.6,0.552671644219072,1.6,0.414174004093875,1.6,2.63794065714421,6
0.353987504,4.55604054485241,17.100585,4.56067786382045,3.797711448,3.799667272192,8,-7.388683656,1.16429013121073,4.388572,7.47949165331693,7.388683656,1.034193120448,5,3.738325704,1.33309724055331,5.355829,3.9680119365933,3.738325704,1.165157677056,8,0.06409916,0.448853666842035,1.566,0.452517887042375,0.387883024,0.38945172896,6,0.020155224,0.505029485926661,1.991274,0.50442124814803,0.428597424,0.42760788704,8,0.046223764,2.04597758649714,6.370053,2.04240466697205,1.785854996,1.784832901888,7,9.51564525637895,1.39570197006243,1.2,5.89499030291486,0,7.388683656,0,3.738325704,1.2,0.596907928825582,1.2,0.621685362644626,1.2,2.75860215340522,6
-1.412985988,5.06794551474941,19.591752,5.25146311572224,4.4026927,3.967208302208,9,-4.216629704,4.242631315784,13.390771,5.97560765616347,5.694493832,3.468367859712,1,4.856628596,3.25924175206909,12.455835,5.8452551262303,4.895165668,2.716308245696,6,-0.539299792,1.60398512306218,6.59468,1.68917774895243,1.194047128,1.198939937728,7,-0.055543556,0.619331225410326,3.408055,0.620581959707425,0.452668612,0.452952196032,20,-0.029886408,1.99543714398471,7.045001,1.9916665171144,1.610671888,1.608137041152,10,9.63247823933723,2.16491793244546,1.6,5.99457612924558,0.4,4.36262782461957,0,4.856628596,1.6,1.2201334262373,1.6,0.456651382607025,1.6,2.4788915765097,6
-2.193505376,4.29880386051111,15.756242,4.8184293713991,4.174142216,3.588602482944,11,-7.489149112,0.816788318658916,3.476381,7.53338098111585,7.489149112,0.67480444448,10,3.54726838,1.79608731335639,8.528146,3.97443566791548,3.54726838,1.53066459744,10,0.113582272,0.725993706307402,2.617461,0.733389069092421,0.631167536,0.626191670528,11,0.076940544,0.634780430231351,3.104288,0.638164757047344,0.493024896,0.46968608544,19,0.021828624,1.52815813585955,5.010294,1.52525496487201,1.330935336,1.332839027904,10,9.71358829808068,1.19042020676023,2,4.59363431114163,0,7.489149112,0,3.54726838,2,0.840016768948006,2.4,0.448815116980653,2,1.71221058635459,6
-2.661600484,4.62911276964149,18.869901,5.33170586495079,4.600128164,3.63295268656,8,-4.53357894,4.12627373599246,15.173254,6.12465251339007,5.863768692,3.14845237072,1,4.420194328,2.9942720137397,12.026075,5.33553372494066,4.51220828,2.626547764992,7,-0.614344168,1.55551223320642,5.647406,1.66953843656857,1.327340224,1.278932418752,7,0.054878468,0.809597073227955,3.55381,0.809837809407155,0.663299716,0.662681215232,11,-0.00898086000000001,2.04975294482358,7.704497,2.0456690451097,1.611505412,1.61154315488,8,9.54262535438374,1.83251459884981,1.6,4.76794239820565,0,4.53357894,0,4.420194328,0.4,1.39069508357404,1.6,0.920482620841728,1.6,2.34277504930407,6
-3.373415812,5.47774647382233,22.803575,6.42383202196311,5.612138076,4.3378606336,8,-4.387537464,4.26116725960699,12.721591,6.11027014351188,5.864788664,3.547612964992,1,3.946913348,2.8156140941358,12.175713,4.84500742752871,3.952554084,2.236342842656,7,-0.576443616,1.30641327232382,5.266098,1.42554411295427,0.871078632,0.93558430368,4,0.016011208,0.722118409050312,3.674784,0.720850563906429,0.571201776,0.570502019008,15,0.036822956,1.87566973427001,6.492625,1.87227677824004,1.541619756,1.539557670464,7,9.88615185162108,2.08723352496548,1.6,5.76615290542954,0.4,4.56571730788923,0,3.946913348,0.4,1.11553880501266,2,0.600012843656896,1.6,1.93193724490996,6
0.346824016,5.10261276400597,16.336835,5.10419408813903,4.539214904,4.536092872,5,-6.294337148,0.971392940620581,3.417723,6.36855634824722,6.294337148,0.842827433344,6,4.807509124,0.923900040353488,4.086902,4.89513236764545,4.807509124,0.782166180992,13,0.025603888,0.282732758494368,1.135396,0.283325996964006,0.229835608,0.228940288,9,0.003595116,0.407771488250346,1.930787,0.406971007741873,0.312921812,0.312375354368,15,-0.191203908,2.12541699804014,6.700999,2.12976213703085,1.880889388,1.865522065152,6,9.4177607710077,1.37366591250882,1.2,6.72768824746865,0,6.294337148,0,4.807509124,0.8,0.21517522799259,2.4,0.311465142851097,1.2,2.74699613217067,6
-1.459146228,4.58542527712155,16.298528,4.80324142500287,4.136562852,3.79706025888,7,-6.7230812,0.780195308442983,3.027468,6.76801970462798,6.7230812,0.6738941472,7,4.274990808,1.14003430139583,5.149928,4.42380219991922,4.274990808,0.942887971392,11,0.060282344,0.426239785097178,1.749593,0.429636583614831,0.3565012,0.356548288768,5,-0.0855003719999999,0.496594120568044,2.294775,0.502921078612297,0.401635692,0.384608808288,11,-0.107848028,2.10073988653385,7.060723,2.09930627487612,1.83012934,1.83313226912,5,9.30262141918416,1.3842485762775,1.2,5.77955502370484,0,6.7230812,0,4.274990808,1.6,0.285183573106582,1.2,0.493278966636161,1.2,2.83156305450116,6
0.20877918,1.05952784677318,4.72376,1.07782076759401,0.809695068,0.83379697456,19,-8.589246476,1.42351403578231,6.491878,8.70594289360477,8.589246476,1.222014738496,7,-3.852318424,6.06073330717132,19.910181,7.17118647837741,6.030553544,5.232258509824,7,0.168418132,2.03053989175591,6.634649,2.03346122416692,1.790100276,1.783820178944,6,-0.029133932,0.787407695960158,3.351299,0.786371173258809,0.652300124,0.658675492224,5,0.107189308,0.185199982324278,0.762349,0.213661847480125,0.176375732,0.156728685216,17,10.9361503777514,2.96933282850228,2,0.845710370105604,0,8.589246476,1.2,5.8766465379651,0.8,1.87357620788882,1.2,0.742163574640233,0.8,0.111510874004469,0
-5.096599416,3.68433105353479,11.596316,6.28453051054445,5.355115736,3.4429501568,1,-5.018562784,2.1661379367168,7.061698,5.46437163483506,5.018562784,1.857434454528,5,-5.757068672,4.31029784589161,20.500352,7.18666769402486,6.468634992,2.849670954816,5,0.432973832,1.4870027008318,6.167007,1.54589736507593,0.9489944,1.125802228736,4,0.317010424,0.854943514996507,4.556775,0.910219923482179,0.514000792,0.580917421952,8,-0.194622056,0.563317505677763,2.819706,0.594924407329092,0.37688024,0.400630429056,8,10.7189262925013,2.47629175689801,0,5.096599416,0,5.018562784,0,5.757068672,1.6,1.34595823333919,1.6,0.589468523031186,1.2,0.364499581087187,0
-4.83489878,4.38853888322083,13.274652,6.52368627757869,4.998690916,4.16350641312,1,-5.40176916,2.76938725368559,8.522161,6.06777865415012,5.40176916,2.47874927904,3,-3.59126902,4.54702084071078,17.214311,5.78704675164859,4.260783564,3.95443639856,5,-0.096411448,1.51853862966386,5.719617,1.51856211555791,1.208163272,1.185283657152,7,0.589662288,1.23615185182529,5.504315,1.36735537774837,0.94874712,0.975810553728,6,-0.181883052,0.860039470714481,3.815476,0.877377150504236,0.55806834,0.613683929216,6,10.3627729714091,2.34547905144162,0.4,5.63661196571265,0,5.40176916,1.6,4.12658833380099,1.2,1.40671229092331,0.4,1.39551560028828,0.4,0.715320735050436,0
-2.882537428,2.22265659160552,9.858125,3.63723295084759,3.226181964,1.772428729824,7,-7.114743864,1.63849490741574,7.277176,7.30024021178115,7.114743864,1.245055131136,6,-6.006477468,6.79871885415707,28.95787,9.06175807000115,7.847570684,5.378035527072,10,0.161501848,2.57178168946485,8.778873,2.57170909337371,2.117847984,2.1444737776,5,0.184580668,0.81932540929363,4.374781,0.838259490139088,0.625117804,0.610200428032,11,0.08461778,0.841863844512139,2.944944,0.844428778795524,0.682719516,0.70208447312,7,11.4780222340214,4.11840754732727,0,2.882537428,0,7.114743864,0.8,6.68063184858561,0.8,3.11269821811409,1.2,0.499885295040042,0.8,0.988438042573614,0
-2.725875244,1.96208738154336,6.822278,3.35630505036305,2.794655868,1.845116101952,3,-1.37581366,5.26048285714095,13.080721,5.42723248053327,4.97441366,5.03082397424,1,-8.52037488,4.37964615815573,18.083404,9.57608288208183,8.59953676,3.29270807392,4,0.465545132,1.77801971628917,6.792395,1.83451382251426,1.2615389,1.406945721408,4,0.243491284,0.590679012810952,2.646506,0.637804119439964,0.422916484,0.458100840064,12,-0.026730512,0.351201794210846,1.665923,0.351516499936592,0.224177024,0.232565849856,10,11.0903675608468,3.07613346704808,0,2.725875244,0.4,6.89255731955257,0,8.52037488,1.2,1.54008556014477,1.6,0.475343813919265,0.4,0.268035525939004,0
-1.617742932,2.5657080820487,9.313444,3.02879823106076,2.273428588,2.206055597856,9,-2.765106624,6.44456698870314,16.808493,7.00086627063276,6.60130728,6.020114295168,1,-6.916479976,5.27523781045506,21.371842,8.69221011477727,7.521791616,3.946178147264,7,0.674179928,1.94170181041249,7.212606,2.05174161925789,1.492006552,1.625445103296,4,0.462299596,1.02289977668949,5.759586,1.12065140601374,0.649452204,0.736854492416,6,0.096934788,0.441486685119429,2.085602,0.451139894367364,0.297416892,0.31087312864,12,11.1626916239092,3.02840960102,0.4,2.65556267647644,0.4,8.01948575831955,0,6.916479976,1.2,1.49887918229097,0.4,0.848125074316697,1.2,0.32836824468696,0
-1.380831884,1.66934276643388,5.801151,2.16385192252814,1.631897452,1.49075064944,5,-3.691643484,4.79315909022791,13.506888,6.04240913716848,5.382840572,4.440634683456,1,-7.813189896,5.25840073835402,18.67597,9.41201952626418,8.148876112,4.461646953792,3,0.617162272,1.78110115750692,7.022352,1.88162730579666,1.468618592,1.480132863936,4,0.233887944,0.694372200829278,3.335843,0.731387525611357,0.578564664,0.561313344448,8,-0.087727948,0.384518698262865,1.73547,0.393648832916857,0.252527556,0.268614970528,8,11.0715627629309,2.68858453839699,0.4,1.82805371403199,0.4,5.72256210086253,0,7.813189896,0.8,1.62772768178701,1.2,0.465334010414754,0.4,0.329865390327883,0
-1.980301688,2.37655714594985,7.595605,3.08982629738131,2.4256328,2.161894492544,5,-2.28508834,5.41287571795005,15.276204,5.86546292848445,5.325485076,5.02740339808,1,-7.45291048,5.72497123483057,23.643938,9.3909567712759,8.02289328,4.78183947008,3,0.814693052,2.04843764745653,8.021587,2.20069015931645,1.578088884,1.698810792064,4,0.401591992,0.763549611046468,3.824536,0.861366417115053,0.658981968,0.608601111552,10,0.011737124,0.439127051111009,2.247345,0.438405060223045,0.287632388,0.290360997664,14,11.1078417602189,2.96509182005037,0.4,2.8426455970175,0.4,6.56920986488122,0,7.45291048,0.8,1.86256804259169,0.8,0.562771476008096,1.2,0.390594839150018,0
-1.5553979,2.48946555373139,10.21127,2.9311962772163,2.021970364,2.0797658632,8,-4.359012888,4.59475323692877,12.893974,6.32679252360818,5.64164424,4.109481004672,1,-6.964277864,5.805234864615,22.158336,9.05909018572001,7.862084368,4.870692303552,4,0.449399608,2.16797956393397,7.960034,2.20981783315896,1.809929328,1.854201190144,4,0.335756572,0.896512398015825,4.868269,0.955642201620508,0.725817156,0.690991572,6,-0.060097944,0.610970192960572,2.459982,0.612701559694897,0.427752224,0.442754094976,8,11.0517501021062,2.92924423925487,0.4,2.72591284779597,0.4,5.24997807721219,0,6.964277864,1.2,1.95184188113156,0.4,0.613217063220907,0.4,0.523776549889692,0
-1.776368368,2.24575940116233,8.088811,2.85985071736067,2.164506824,2.05259073088,5,-2.363895872,6.0436383618913,16.16565,6.47823016605504,6.21001812,5.646172596672,1,-6.194661724,6.78092037108262,28.210877,9.17446409494517,7.80895698,5.557416375072,3,0.91539882,2.30678888422372,9.217203,2.47748760969858,1.869470908,1.90571223616,4,0.4424375,0.929804937883704,4.088067,1.02802238060711,0.788949564,0.749008564,10,-0.04680254,0.490576252218735,2.285715,0.491826063516837,0.319295588,0.32536690848,10,11.1941716933929,3.00727426956404,0.4,2.14694175226985,0.4,7.19549217722645,0,6.194661724,0.8,2.13745637402314,1.6,0.74910055634912,0.4,0.405549604378291,0
4.182536288,1.91150753549995,9.221268,4.59704855472257,4.221580936,1.548409312448,5,-2.428453168,4.69497695499808,13.536817,5.27750150759812,4.80000568,4.393759522496,3,-7.216238876,6.61316552648946,27.291505,9.77921908759178,8.793203772,5.291170896704,5,0.714861304,1.84885890776292,7.780971,1.97879580243329,1.43069676,1.482510835072,6,0.139365244,0.442676576469761,2.608934,0.46325087413274,0.335121372,0.324998914848,16,0.201407256,0.646449773366877,3.066983,0.675862858143272,0.505903536,0.507064078528,6,11.6648156230081,2.92991769377418,0,4.182536288,0.4,5.57588499897359,0,7.216238876,1.6,1.72092276700104,1.6,0.34445869684372,1.6,0.599696376648605,0
4.005125908,1.72936120134998,8.236054,4.36116509008872,4.008860868,1.398246591872,5,-3.32449268,5.24565048468541,14.087483,6.2015347447889,5.786277944,4.75829431648,1,-6.483507816,5.92676290846313,20.907367,8.77621137501683,7.55738388,5.110852902912,5,0.742603228,1.69207812745943,6.674086,1.8447589083956,1.326011092,1.390361799776,6,0.10631214,0.366956878639871,1.858842,0.38134104485273,0.278811412,0.28126412704,18,0.227900032,0.551647695074051,2.649702,0.59584926227041,0.421437032,0.427960140608,6,11.2634044149059,2.76894736264045,0,4.005125908,0.4,6.34596454049711,0,6.483507816,1.6,1.51117735787368,1.6,0.291528547218828,1.6,0.507572618636189,0
5.459641772,2.81095513211103,12.211626,6.1382042291121,5.472302308,2.304806803584,5,-3.84687878,5.35409016405887,15.486894,6.58407872879317,6.2097835,4.60914642544,1,-4.763379152,4.34069328336639,17.80927,6.43863593109979,5.300733784,3.777104382272,4,0.61509558,1.31154149796153,5.081706,1.44623757004415,1.163869708,1.08290004864,6,-0.402150508,0.845380796001842,3.534358,0.934630968121842,0.745680332,0.673118919936,8,0.3116865,0.685655806309622,2.696067,0.751925437440072,0.56064554,0.546439232,6,10.8539947716548,2.16639031649205,0,5.459641772,0.4,6.14310550840684,0,4.763379152,1.6,1.14423261984148,0.4,0.804810225227623,0.4,0.668928807862071,0
4.110365508,1.54773253886803,8.124723,4.39101340434978,4.168669108,1.115968062528,12,-4.01230856,5.54085149077346,16.140511,6.83204589288483,6.547289328,4.5660698176,1,-6.298392912,4.54009304683991,19.06024,7.75884968074521,6.748301744,3.808002432896,6,0.576394596,1.70289195798328,5.187758,1.79456746509566,1.52587718,1.515876296448,4,0.022105716,0.712410143222002,4.061422,0.711327464672076,0.554033044,0.556597992832,11,0.063278448,0.628412601789543,2.350998,0.63033875850755,0.513491296,0.513589968256,8,11.0158230595366,2.19739725763829,0,4.110365508,0.4,6.25770444527744,0,6.298392912,0.8,1.55393118326047,0.8,0.458108879461355,0.8,0.468582633114939,0
5.019688044,1.35140021028623,6.02022,5.19771540749633,5.019688044,1.111145041792,7,-1.529736844,6.5269183217937,17.760188,6.69106530682072,6.4117727,6.223299693472,1,-6.216999592,4.15091346111646,16.82166,7.47075940974941,6.70388444,3.280522322752,8,0.84570928,1.34422927692956,5.010028,1.58585898674405,1.283494344,1.15582113152,6,-0.224955076,0.67136617999075,3.138662,0.706777478180365,0.478885308,0.488229853632,16,0.285435656,0.530857240370888,1.939847,0.601793723572893,0.468079712,0.445561382976,8,11.1237652736102,1.96880610609098,0,5.019688044,0.4,8.08692284434722,0,6.216999592,0.8,1.07479733216528,0.8,0.457872291197576,0.8,0.419215678472941,0
4.229156164,0.94012389915442,3.719393,4.33198101028588,4.229156164,0.806911381312,15,-4.901816716,4.94790599172385,15.468937,6.95784835458362,6.48831054,4.147751031872,1,-6.01261616,4.51386631850535,14.226347,7.51299156609834,6.325145672,4.10410546496,3,0.805331688,1.15382888170497,4.349201,1.40518857510316,1.201467592,0.982794516928,4,-0.034096532,0.391314150228418,2.796257,0.392016365228213,0.259276508,0.262689952608,18,0.114420064,0.315356703075674,1.447957,0.334879085372353,0.263538848,0.245814193536,6,10.9820861784093,1.74030263291526,0,4.229156164,0.4,5.3521945080103,0,6.01261616,1.2,0.920450828797649,3.2,0.189037720842881,1.6,0.246184283944773,0
4.7899836,1.56178299568782,8.935161,5.03719687419363,4.7899836,1.1915627568,7,-3.608751476,6.32581475251532,17.513585,7.27179178535387,6.859550644,5.582551869952,1,-4.360119012,5.63730419642153,27.812243,7.11777490564177,5.35737106,4.888497284288,3,0.811818448,1.59427136761345,6.33781,1.78622047388636,1.183141344,1.36406045344,4,0.03664178,0.498699351983061,3.127471,0.499047953142,0.319450116,0.31933965136,18,0.260687708,0.649355096608786,3.237253,0.698522350700486,0.427480444,0.481471665888,4,11.0570525485534,2.58521760498028,0,4.7899836,0.4,7.4808552813959,0.4,4.93633272137244,0.4,1.25409867726223,2.4,0.319306120365627,0.8,0.514380526898966,0
5.247252208,1.71407657698502,7.936779,5.51905444909565,5.247252208,1.436713537408,5,-1.07161592,6.85317038809192,16.536751,6.92289255085939,6.780886768,6.6011538528,1,-5.03864536,4.66490972786068,19.881451,6.86019564603389,6.169168264,3.47716466848,6,0.948760996,1.56018720117313,6.801721,1.82334714024087,1.453014588,1.267560387904,4,-0.083558356,0.627812876109109,2.458915,0.632103164235222,0.515027212,0.503745364672,8,0.30520934,0.652542719522847,3.131467,0.719208936278117,0.507181476,0.46492408512,6,10.9644348424592,2.29147542177319,0,5.247252208,0.4,8.83116831030691,0,5.03864536,0.8,1.3882747369112,1.6,0.455942748350613,0.4,0.58156627485993,0
4.52140678,1.25191822043815,6.514623,4.69085805625925,4.52140678,0.841710292,17,-2.174543288,5.47138457771707,13.771448,5.87749466285398,5.439678912,5.139215103744,1,-6.956424864,5.16083481307883,21.224599,8.6556066218661,7.523860264,4.445746802432,3,0.756474196,1.35383973183901,5.079041,1.54848432366677,1.107671732,1.177976599904,4,0.100158996,0.505879660888816,2.986511,0.514706128636048,0.367484812,0.376468154944,6,0.156700196,0.464841253240707,1.973687,0.489661140563525,0.357421044,0.353092982496,4,11.262507758262,2.15478774927075,0,4.52140678,0.4,6.94976248616243,0,6.956424864,1.2,0.963055843139267,1.2,0.369807039379785,2,0.355929142831973,0
4.015138512,1.18804989396436,4.957194,4.18654439495058,4.015138512,0.9392242704,12,-3.082362316,5.76307335700684,15.652094,6.52542105210583,6.184328332,5.111478736992,1,-6.448284264,5.23753452336169,18.936939,8.30074760254894,7.004505192,4.549597601536,5,0.809907372,1.47783377172855,5.937584,1.68261898166338,1.303700732,1.242616785952,4,0.180496372,0.427268809944314,2.222297,0.46304140388586,0.359693436,0.352705008832,10,0.168161252,0.407203620234719,1.850315,0.439806475456126,0.337605812,0.319853772064,6,11.1039732767231,2.39487029379362,0,4.015138512,0.4,6.72682199139851,0,6.448284264,1.6,1.20811847257422,1.6,0.369292164834983,1.6,0.383834115220646,0
4.225636704,2.16340649851818,7.76679,4.74527258661832,4.256445296,1.788393696512,5,-2.114353092,1.65831062769871,6.021417,2.68504807387814,2.117800732,1.348965396384,2,6.99987008,2.18324546871853,9.105149,7.3311442265483,6.99987008,1.6235966688,7,0.121275616,0.988916883427868,3.627354,0.994360372780187,0.757916272,0.771217876416,4,0.329345496,0.437872840203777,1.965693,0.547205765162298,0.39656436,0.352288667456,11,0.161397396,1.19631572297457,4.102989,1.20478037136883,0.928159156,0.948052984192,3,9.03412909558562,1.36555527163618,0,4.225636704,0,2.114353092,0,6.99987008,0.8,1.076522751155,0.4,0.374694808319586,0.8,1.456706186607,5
4.197667612,2.84085365142143,9.544485,5.06542999672812,4.25975406,2.566601244832,4,-2.508883952,2.2611753336099,7.843405,3.37445712943159,2.802671632,1.988530040384,4,6.415431108,2.96662406738705,11.009737,7.06565009219006,6.415431108,2.550832668224,4,0.127291264,1.58288151251989,4.788597,1.58483276500622,1.356862104,1.35603615456,5,0.485204704,0.565300869927734,2.171136,0.744117207186217,0.590231416,0.485270224896,6,0.012248748,1.54456560270834,5.237853,1.54152204048241,1.319164076,1.318503656096,5,9.08862650661179,2.09364630204244,0,4.197667612,0.8,2.98949609096021,0,6.415431108,0.8,2.06974290078413,0.8,0.705812207150942,0.8,1.93048696028827,5
4.881082904,2.73770018782716,9.020155,5.59374584914941,4.881082904,2.41298467968,6,-1.262965364,3.11201475429473,10.286688,3.35275689519654,2.860146916,2.802016837472,4,6.438085012,2.98762050099149,10.612299,7.09500608700598,6.438085012,2.674490795232,7,0.24933002,1.61736379972565,5.201347,1.63326900934706,1.444866108,1.40835189792,5,0.545162,0.674566940969779,3.176233,0.866269012410076,0.680682688,0.525534976,7,0.187368956,1.86809038718857,5.404126,1.87374218439999,1.698241044,1.691452980704,4,9.34608927650907,2.35432994955758,0,4.881082904,0.8,3.80127040843516,0,6.438085012,0.8,2.03072570423482,0.8,0.733714944824298,0.8,2.53495440817976,5
2.384974416,2.24807451159914,7.369353,3.27440477318206,2.538538512,2.03462531328,5,-0.878140508,2.57791971612851,8.455124,2.71849556452524,2.365974092,2.304786787872,4,7.971288704,2.95404229434034,10.129868,8.49899429437169,7.971288704,2.637130738048,4,0.124386816,1.66845603254923,5.049464,1.66975526063383,1.471591264,1.471671043584,5,0.580748572,0.721851064961256,2.871666,0.925339714929493,0.731598284,0.607513578912,5,0.4387944,2.06191381882794,6.172869,2.10404923121107,1.881025792,1.842732584,4,9.17748159669663,2.4785587191623,0,2.384974416,0.8,3.2453252220368,0,7.971288704,0.8,1.84969631062832,0.8,0.684746678791686,0.8,2.45490274011336,5
2.655284628,1.86445098002726,7.190985,3.24234624967631,2.702747292,1.642109115072,7,-1.907312044,2.53149620827508,8.423998,3.16554551278109,2.615861676,2.212656299648,5,7.422757892,3.2044530009656,11.085153,8.08237463141273,7.422757892,2.802855674048,5,0.349145776,1.776846583495,5.249843,1.80733445135409,1.65637236,1.60469463488,4,0.391784016,0.72319692127621,2.838358,0.821228620414988,0.601016728,0.601753875968,9,0.110473212,1.53778687317616,4.931688,1.53867918813938,1.33402842,1.336952158176,5,8.98839413517196,2.25552381951299,0,2.655284628,0.8,2.5469000537475,0,7.422757892,0.8,2.18085879538116,0.8,0.854697096574245,0.8,1.62317827213114,5
1.239866084,1.2795464319985,6.464345,1.77987584443608,1.387157388,1.027857679424,8,-0.365029572,2.91996821481768,8.694544,2.93689565808489,2.676880324,2.661521198272,3,7.743413348,2.1422742518942,6.867768,8.03314582790778,7.743413348,1.931218693376,3,-0.040835888,1.56698542820166,4.930888,1.56438138847798,1.399287232,1.397723082688,4,-0.517981764,0.669712382328915,2.546316,0.845591937154703,0.637506132,0.586295701792,6,-0.184167152,1.63425431268406,4.900245,1.64134747989819,1.4889998,1.47713949792,3,8.53381314243159,1.87425467665167,0.8,1.4419817840477,0.8,4.0106747008276,0,7.743413348,0.8,2.15539916929213,0.8,0.816808859110607,0.8,2.24988862565155,5
3.370332092,2.17887938784212,8.913613,4.0109429982962,3.38284898,1.870783873792,5,-0.010036468,3.12837066075351,10.593145,3.1221237819454,2.77851894,2.778840106976,3,7.095417824,1.90551103165096,7.756016,7.34584253164424,7.095417824,1.611281741632,8,-0.289372924,1.53370852285057,4.788598,1.55775141626529,1.360008508,1.332612192256,4,-0.584969336,0.579157968682626,2.37205,0.822357210060271,0.645488288,0.502972277632,7,0.225450704,1.74129473514612,6.006863,1.7523718056289,1.51067388,1.499874143104,3,8.70171431734015,2.02318168760133,0,3.370332092,0.8,4.14708061737434,0,7.095417824,0.8,2.03104247625322,0,0.584969336,0.8,2.30335941559615,5
2.832876888,1.79183415082945,7.716512,3.35007737345676,2.843420936,1.427830502912,13,-0.3974088,3.14264566177784,9.810242,3.1614317362212,2.903113208,2.8525695792,3,7.216152636,2.16449336309745,8.240842,7.53253942962578,7.216152636,1.86624805568,8,0.108468368,1.52078071681134,4.782468,1.52160713705191,1.326248752,1.316729405504,4,-0.635948928,0.653207556784688,2.746962,0.910716438204564,0.730918288,0.551781891968,10,-0.044507776,1.91913866655618,5.725213,1.91581361063899,1.725429848,1.722766876544,3,8.61361302712561,1.94360497786263,0,2.832876888,0.8,3.94491612097355,0,7.216152636,0.8,1.90265350752054,0.8,0.731728521127442,0.8,2.52652490892785,5
3.219042468,1.86532747986144,8.463503,3.71857005198036,3.2651165,1.568732828672,8,-0.159822536,3.19160528585433,11.17733,3.18922281543702,2.798568024,2.792587075136,3,7.128390772,1.77436773683062,6.155493,7.34504883172182,7.128390772,1.52115963824,7,-0.363890756,1.45139498374726,4.476037,1.493498473904,1.295496908,1.241922065664,4,-0.51682318,0.714325992152,2.858876,0.880526419794997,0.685973532,0.61419650048,7,0.241262604,1.69164447446771,5.286349,1.70540963641408,1.516372964,1.510827192832,3,8.62218014755486,1.9029297960548,0,3.219042468,0.8,3.83459778893883,0,7.128390772,0.8,1.75507010581482,0.8,0.794858267470013,0.8,1.99637185831485,5
3.1805868,2.28295760241811,8.494628,3.91243916567595,3.245996392,1.989222504,7,0.578194912,2.99458372556511,11.439496,3.04400573569178,2.555585224,2.409578283712,3,7.431702608,2.11491784400747,9.161413,7.72561904514503,7.431702608,1.703330202688,4,-0.355782828,1.57350831906435,5.786233,1.61015717777605,1.26821646,1.276630023616,3,-0.227119816,0.669674850262213,2.714187,0.705871063490561,0.535617288,0.536047220032,12,0.023162036,1.43868110254531,5.113682,1.43598766759098,1.15855858,1.1629927392,3,8.92834216575598,2.13571817297799,0,3.1805868,0.8,3.27533723749624,0,7.431702608,0.8,1.92141349123543,0.8,0.527257576200898,0.8,1.69533883541189,5
0.31016402,1.47555005858906,6.789955,1.50490554614006,1.226875132,1.1858101624,13,0.248230812,2.86258240885306,8.419211,2.86761557244189,2.68990474,2.685582149504,3,7.934269492,2.01853834975455,8.631097,8.18601438142116,7.934269492,1.665584205024,9,0.038902452,1.22729732456386,4.585287,1.22545790982869,0.9839383,0.982614508,6,0.482395108,0.798530075464883,3.680114,0.931560368692548,0.734873644,0.686475985184,8,0.059616172,1.40962894054339,4.68521,1.40806946667462,1.19766038,1.20056016176,5,8.59553517684123,1.90527861401464,1.6,1.11623853085116,0.8,3.30201722599358,0,7.934269492,0.8,1.42981432900747,0.8,0.919705835720211,0.8,1.8351414329781,5
-1.43856084,1.01479271540196,4.132392,1.75930165935051,1.552783408,0.8327692144,9,1.006311684,2.2998932329244,7.289147,2.50619513459646,2.312042244,1.999629112256,3,7.913272336,1.42750698187292,5.333084,8.04049153611057,7.913272336,1.181667748864,6,-0.401698592,1.10073950531465,4.031311,1.16967632597265,0.957144952,0.900044017792,3,0.144416284,0.612030362123507,2.976652,0.627645523037292,0.47175158,0.48553149616,7,0.030789212,1.00770252502055,3.461348,1.00615629849076,0.83265798,0.830391013696,4,8.49310501243778,1.37856065851132,0,1.43856084,0.8,2.30978724044506,0,7.913272336,0.8,1.27797153721706,0.8,0.636502067660751,0.8,1.24462725095673,5
-0.868587632,1.67869896119322,6.822277,1.88711487619734,1.6444814,1.419878538048,9,0.00252345199999998,2.44162928136029,9.43076,2.43674243637188,2.053703076,2.052915758976,3,7.874342612,2.57732039682398,9.48463,8.28379633243915,7.874342612,2.102904803392,4,-0.54376998,1.40630251963858,5.76012,1.50514511618782,1.151317212,1.11343565648,3,0.193667048,0.955038236026231,4.000134,0.972602984585201,0.738921776,0.785119758208,5,-0.00404064399999999,1.29980000179951,4.772076,1.29720409007343,1.0706601,1.071209627584,3,8.59068870221559,2.08269441354692,0.8,1.39666581040168,0.8,2.5891710772938,0,7.874342612,0.8,1.70077024250532,0.8,0.902436854488702,0.8,1.57429043918561,5
-1.166402384,1.68182194491635,8.377311,2.04394360870976,1.70529888,1.375458064064,7,0.752033116,2.46785176086616,8.841787,2.57516697554089,2.328030716,2.100314034016,3,7.673272764,2.69561108288209,11.374852,8.13119725160202,7.673272764,2.162039224416,7,-0.541062688,1.39997969231189,5.299939,1.4982830836247,1.200209864,1.175956084032,4,0.305719844,1.02687289254796,4.183194,1.06944597278937,0.765116108,0.813842031584,5,-0.122601556,1.44205066672482,5.46781,1.44437641438563,1.165855444,1.180497214752,3,8.43112311298316,2.42181398078249,1.2,1.48666016430226,0.8,2.99317687637845,0,7.673272764,0.8,1.7127698151814,0.8,1.09308225703666,0.8,1.79131772775239,5
-1.255318244,1.71117620144088,7.952341,2.11948941731903,1.794588228,1.329031942144,7,-1.148417136,2.29276063657827,7.736863,2.5601926196196,2.327858344,2.011412229888,3,7.616764848,1.98539118908255,7.462726,7.87026796308234,7.616764848,1.654612595264,7,-0.043180788,1.22458518023296,4.120842,1.22289615611625,1.02835438,1.02942346704,4,0.493124024,0.915634882173717,3.438166,1.03836650155396,0.785380024,0.80714392384,6,0.0102140359999999,1.45866664260858,4.747029,1.45578221836006,1.210111628,1.211291128608,5,8.33359781499456,1.88501992264145,0.8,1.67003785001937,0.8,2.14741573819214,0,7.616764848,0.8,1.52790236101779,0.8,1.13142597556004,0.8,1.88484029977605,5
-1.08346722,2.56507639004269,10.415975,2.7797840988145,2.291064244,2.11271466624,12,0.048343696,2.54746137518271,8.005013,2.54282094005035,2.332565336,2.329609089024,5,7.871891016,2.05761547628389,7.782353,8.1353251004635,7.871891016,1.69618199936,7,0.274599204,1.11695428759007,4.008928,1.14804235805174,0.95949518,0.932903496896,4,-0.270491432,0.511526697279989,2.795458,0.577735699578505,0.445953752,0.381467100736,16,-0.0172113320000001,1.78678986946783,5.533626,1.78329576779388,1.577634804,1.578736329248,3,8.75643253914263,1.92779855689334,0.8,3.04140196513228,0.8,3.16095529754936,0,7.871891016,0.8,1.34996395823817,0.4,0.445172965620716,0.8,2.428314687886,5
-0.807607316,1.86589344589579,6.307524,2.02974424371344,1.663955828,1.664341452864,10,-0.542377628,2.70088920985496,7.694965,2.74950846610266,2.49102802,2.460783009952,4,7.464144092,2.11770286381001,8.133103,7.7575881421902,7.464144092,1.878993718112,3,-0.051602064,1.41204944197111,4.580491,1.41016696354499,1.194227264,1.184341652736,3,-0.459105264,0.532505225742243,2.284916,0.70228570511832,0.592355712,0.432316831104,13,-0.0105380360000001,1.56293984832223,4.753424,1.55984643340246,1.390630364,1.390967581152,3,8.27698828168597,1.83432720470394,0.8,2.37504575838074,0.8,3.34848094792937,0,7.464144092,0.8,1.756869411631,0.8,0.569306971551813,0.8,2.07183912361556,5
-0.69873344,2.17690857178056,7.86615,2.28214890538421,1.95182984,1.91600598848,7,0.577127088,2.66349204652193,8.250419,2.72008985110077,2.495725432,2.43676064896,3,7.878475028,1.67344172645135,7.285556,8.05354421045795,7.878475028,1.412168697088,11,0.301297652,1.12967761099606,4.058223,1.16698204522064,0.978677228,0.959689062432,4,-0.164359384,0.558250787424243,2.740833,0.58087121894789,0.45230088,0.44856229472,13,-0.114685476,1.47449128112082,4.865072,1.47600162545786,1.285890364,1.291704782272,3,8.62750117676295,1.74501303753497,0.8,2.52172622165541,0.8,3.15731392837116,0,7.878475028,0.8,1.32147480213691,2.8,0.352947489180168,0.8,1.94795262506127,5
-1.645247504,2.18407401179619,7.745243,2.73092254032694,2.011531696,1.800457340608,7,-0.844669556,2.88624291512924,9.655815,3.00175669089059,2.548115348,2.59377697472,3,7.162532068,2.76660232330915,10.311827,7.67628410670206,7.162532068,2.392252166944,3,-0.211934668,1.49333270738055,5.328184,1.50533674243774,1.210024236,1.213888814752,4,-0.427461252,0.640331943071199,3.039804,0.768835495596734,0.540083228,0.512387894528,8,-0.119143908,1.52128090074828,5.233856,1.52290303942145,1.310768356,1.294488170624,4,8.41876544155027,2.12987151966939,0.8,2.49159423593873,0.8,3.77781379870103,0,7.162532068,0.8,1.869529010974,0.8,0.633234046772384,0.8,2.03104205026427,5
-0.556043744,2.39298567946905,10.844536,2.4520725082136,1.667757784,1.802404465984,6,-0.210996216,2.35614294549164,9.180566,2.36087342829682,1.90615804,1.953182230208,3,8.063551608,2.32227559452803,9.74081,8.39000933349136,8.063551608,1.728126184896,7,-0.148046552,1.36337240995862,5.269562,1.36867343529511,1.010468376,0.98169468384,5,-0.189796988,0.499107281572182,2.530595,0.533042721419374,0.379784732,0.393737225888,7,-0.332799892,1.28597151416848,4.831231,1.32584449028797,1.049168292,1.026631229088,3,8.81420862939956,2.0749911170917,0.8,2.42749935381116,0.8,2.00218002087752,0,8.063551608,0.8,1.53224519601353,1.2,0.424626950314691,0.8,1.55597330109107,5
0.427039364,0.860963156802345,4.876989,0.959507762108833,0.764631404,0.61907085488,5,-0.634525704000001,5.06040598891033,12.685678,5.08998043282544,4.844327168,4.912080470848,1,6.783936976,2.08228970758775,10.068816,7.09509602464692,6.783936976,1.538979560768,5,0.34655256,1.17947477131999,4.303635,1.22706754910973,0.685260528,0.8706411456,2,0.032429556,0.191373845515054,1.083969,0.193724363606099,0.139513356,0.135201068864,10,-0.011688132,0.166513005071636,0.998169,0.166590176673788,0.107132812,0.109780028128,8,8.6729131732715,1.39905326564349,2.4,0.551425955499323,0.4,6.61076430879172,0,6.783936976,0.4,1.06132298766343,3.2,0.127699134897689,1.2,0.12406174177788,4
1.105867408,0.49951388307182,2.183512,1.21303700973243,1.13041276,0.422359389248,9,-1.25690318,5.95601146160208,13.911509,6.07552317455102,5.874877764,5.72197037728,1,6.053035088,1.48168370878846,6.229713,6.23103834388754,6.053035088,1.129115959296,7,0.507520408,0.97391206279405,3.14479,1.09648878323858,0.67544296,0.825639700672,2,0.030126264,0.140231479702385,0.953936,0.143156558391574,0.096752528,0.09353983968,16,0.026525816,0.0754893576509454,0.457516,0.0798715685368955,0.052208504,0.052466048064,10,8.73797968986005,0.92759481598797,0,1.105867408,0.4,7.91398887335056,0,6.053035088,0.4,1.15391354794434,2,0.0774953659741845,1.2,0.0467916577210098,4
-0.678555084,0.544998562798743,2.925714,0.869639202049409,0.71047458,0.468035992704,5,1.055368864,5.5461167898854,12.889185,5.6347295623092,5.4964502,5.336844371584,1,6.383659976,1.1325478839228,5.89213,6.48295061987401,6.383659976,0.715787769664,5,0.448462768,0.996592327339335,3.230591,1.09102810968655,0.591849416,0.78082768064,2,-0.0368411,0.179605787130787,1.429038,0.182993094036349,0.108312708,0.1147624176,6,0.110732204,0.204733558883969,0.706392,0.232400059843925,0.117918148,0.160473767712,2,8.57057407525933,1.04148794080549,0,0.678555084,0.4,7.16055821434543,0,6.383659976,0.4,0.982419379070683,3.2,0.0999878412144813,0.4,0.199697941372773,4
-0.528012452,0.462985994367555,1.922544,0.701637909696764,0.58023482,0.380519449376,7,0.0287447800000001,5.14964294183198,12.047622,5.13941372152736,4.860090612,4.8566412384,1,6.676954444,1.12811229389815,4.444836,6.77120871377518,6.676954444,0.893914174784,1,0.4906704,0.654862117265678,1.854579,0.817243205230443,0.519721208,0.5772460048,2,0.017728304,0.0881857210162747,0.512407,0.0897769862955535,0.068554384,0.064391360384,21,0.088107432,0.143769312862325,0.552111,0.168374156072884,0.107243704,0.118457370624,2,8.51574000271928,0.488120739535158,0,0.528012452,0.4,6.67682103845962,0,6.676954444,0.4,0.812056849509309,0.8,0.0789896329994915,0.4,0.148483175024061,4
-0.835035304,0.325415914456552,1.636437,0.895966458210596,0.835035304,0.2430200736,4,-0.242317156,5.66908330723921,12.989741,5.66292054741478,5.345625092,5.36466569648,1,6.26901124,1.39798683828011,5.297171,6.42238675715273,6.26901124,1.1501616304,1,0.539560932,0.745499779107075,2.154083,0.919060846901233,0.559731084,0.643345663328,2,-0.001352536,0.0635212329188819,0.373314,0.0634084899444861,0.043089144,0.043461782656,20,0.064936928,0.129436584710603,0.467641,0.144580838155601,0.090118656,0.108644642624,2,8.59348794932698,0.521083154987059,0,0.835035304,0.4,7.39324260950917,0,6.26901124,0.4,0.898993871209676,0.8,0.0353443183973031,0.4,0.138315196289461,4
0.629694188,0.792749913869757,7.013814,1.0111643717209,0.822925444,0.535204394368,8,0.576001852,5.68464750258274,16.253038,5.70243233131382,5.363916812,5.251171247232,1,6.3067008,1.9992003170363,16.34761,6.61477812785343,6.3067008,1.316420248,9,0.55599422,0.763270883782288,2.475703,0.943070349939539,0.608363676,0.69413290128,2,0.0171964,0.238144149124788,1.660861,0.238288693379019,0.142706616,0.1359202752,18,0.02976918,0.0911813424708297,0.675216,0.0957443739537525,0.055328284,0.05862763552,14,8.66946935591135,1.46436200161717,0,0.629694188,0.4,7.2334461593322,0,6.3067008,0.4,0.948322520171651,0.4,0.142154859930876,0.4,0.0630187455946328,4
0.047788284,0.497721123989175,1.84593,0.499018168089752,0.426981964,0.42441920064,7,-0.900622032,4.84030283358037,11.955446,4.91385158904977,4.54587076,4.520450784512,1,6.862572156,1.04038419866981,3.39857,6.94067477123262,6.862572156,0.897461528544,5,0.467239836,0.480565371464107,1.415715,0.669576260250272,0.482227796,0.435671207008,2,0.014012712,0.153646292740465,0.753289,0.1539776303149,0.109314608,0.10738981952,15,0.072072764,0.136846973691662,0.555841,0.154423667688383,0.107870412,0.108251645696,6,8.51246489477724,0.326020588609689,0.4,0.524493121823748,0.4,6.25607587969049,0,6.862572156,0.4,0.653840890015405,0.4,0.126987310106979,0.4,0.167220334355684,4
-0.3804913,0.497596965410353,2.677915,0.625608470531961,0.429591628,0.3800191496,9,0.383958088,4.75735948188463,11.434707,4.76333529958355,4.522948624,4.43079868288,1,6.888946692,1.24945626929322,5.649119,7.00089158109297,6.888946692,0.986746736384,4,0.428017632,0.737055198676109,2.36592,0.851044333589493,0.480617296,0.613776878912,2,0.002590008,0.121380431835259,0.705593,0.121165112705861,0.080258488,0.079737166528,20,0.09418596,0.158443465792109,0.548646,0.184051377571394,0.107605,0.13412833536,3,8.46138431911381,0.707254057848127,0.4,0.468043883397897,0.4,5.95098423929394,0,6.888946692,0.4,0.830808035536093,0.4,0.0827471304624161,0.4,0.169689450144504,4
-0.064001792,0.434306011504738,1.763329,0.438136341977983,0.314923688,0.340470703808,6,0.179129364,5.03816309402495,11.930307,5.03126647491406,4.749440124,4.722534583584,1,6.794854544,1.07256350010072,3.863045,6.87865096992272,6.794854544,0.868296977088,3,0.462214364,0.648992386496502,1.83193,0.79570627215539,0.499574508,0.572257425184,2,0.001883348,0.129107861361858,0.769543,0.128863150301628,0.083111772,0.082388859936,16,0.08777062,0.117244327794172,0.413283,0.146270055737639,0.0922749,0.10078969984,2,8.52070040603452,0.469030393918732,0.4,0.447359159932264,0.4,6.51975531741076,0,6.794854544,0.4,0.810639598862574,0.8,0.0902393822964439,0.4,0.144328467003493,4
0.332047068,0.544256272267078,2.983175,0.636620205232165,0.540974668,0.367843677312,13,0.89212264,5.40840625595518,13.393164,5.47080776497748,5.286909696,5.099310592,1,6.53207178,1.11561462322257,4.987123,6.62627944948522,6.53207178,0.82989154608,11,0.502479964,0.850629909776441,3.073378,0.986490280060626,0.60116706,0.694103343904,4,-0.000664035999999981,0.37405971098563,3.094962,0.373311432529104,0.186352108,0.186633659264,7,0.02219524,0.129843593695946,0.944343,0.131470719429233,0.075404608,0.07884356896,10,8.57309990667907,0.864609982306063,0.8,0.38861844617831,0.4,6.88354724738773,0,6.53207178,0.4,0.963320046491355,0.8,0.211749845114131,0.4,0.104580387708344,4
-1.414412948,0.467277958231867,2.249353,1.4893083236719,1.414412948,0.335817385504,23,-2.04085586,4.50504180908494,10.556036,4.93754116297709,4.454871948,4.32759143136,1,6.569675124,1.70030004535342,6.165069,6.78528462174995,6.569675124,1.540692978016,1,0.374047248,0.702787865608155,2.364588,0.794887718263565,0.454923944,0.584987185152,2,0.00767306,0.116412696899669,0.769278,0.116432745330598,0.08708314,0.08648718464,10,0.072040796,0.189377171996818,0.700529,0.202262539064286,0.13973082,0.157826044032,2,8.4881130765688,0.769248196449407,0,1.414412948,0.4,5.97741747555809,0,6.569675124,0.4,0.78044561485008,1.2,0.0714310587700057,0.4,0.205682271709569,4
0.015255828,0.568240136633529,3.38181,0.567307681736932,0.32883878,0.324901889152,22,-0.1215584,4.73990322103503,11.651382,4.73197551337808,4.291386248,4.3263950672,1,6.897714268,1.98334355018793,7.899669,7.17609776650866,6.897714268,1.633106641376,1,0.462071524,0.873302594819824,2.864472,0.98646687005811,0.52333658,0.707333327136,2,-0.012619688,0.179834669712805,1.168171,0.179917767111,0.103027168,0.105070287616,11,0.062597404,0.178607160699332,0.950472,0.188921546598592,0.105342204,0.129896060224,4,8.57198755454867,0.85660602358335,2.4,0.305944435805886,0.4,5.67975684666564,0,6.897714268,0.4,0.928639768335913,1.2,0.134091117093975,0.4,0.147655368877387,4
0.413689312,0.404612940273841,1.900996,0.578096559213362,0.507944216,0.309809645632,16,-0.431047268000001,4.60767498628049,12.366052,4.61860886537585,3.87593962,4.007974703616,1,6.944410728,2.38209931753804,8.503007,7.34006402759146,6.944410728,1.950351230208,1,0.475073824,0.827835337108257,3.351033,0.95302950543709,0.591807832,0.663245130496,2,-0.033273712,0.158054498679615,0.739433,0.161209303592913,0.098192504,0.105107990016,15,-0.07334006,0.0834196988224659,0.439397,0.110949426171693,0.087552116,0.06686233248,7,8.66939464291158,0.620823343792571,0,0.413689312,0.4,5.36549389291908,0,6.944410728,0.4,0.936368342051542,0.8,0.103424712961833,0,0.07334006,4
0.095270052,0.568830396542071,1.982399,0.575630203132334,0.520700572,0.493264405856,5,-1.181754036,5.19296404654802,12.544419,5.31559504552291,4.720929972,4.842326152896,1,6.482918812,1.95094508751001,6.277597,6.76898798274343,6.482918812,1.775434516128,1,0.523952604,0.63328846485042,2.046432,0.820960653035291,0.54143898,0.541653390144,2,-0.027209052,0.140779543775165,0.731439,0.143108130225016,0.093598644,0.103229786464,8,-0.091665228,0.113920002140127,0.398362,0.146042356336605,0.102076444,0.1013136976,4,8.61344285438922,0.464288248562501,0.4,0.658611832179587,0.4,6.69584628281869,0,6.482918812,0.4,0.801629444516797,0.4,0.133180946866255,0.4,0.139564038661342,4
0.04483388,0.352022357495572,1.520318,0.354166822291259,0.29336152,0.29538103552,9,-2.547885508,4.96682711272088,12.215217,5.57336654485106,4.825786476,4.580642984064,1,6.250891912,2.23808234317131,6.262035,6.63796853111123,6.250891912,2.112703687488,1,0.511798776,0.579269825487188,1.680312,0.772107054567031,0.540538328,0.52233217216,2,0.029827796,0.117614628026183,0.657896,0.121109724370308,0.087650156,0.083974378208,15,-0.014469964,0.0604389666381869,0.258469,0.0620293242885976,0.05144646,0.049795043712,15,8.66403899638082,0.43086639914002,0.4,0.362429298112344,0.4,6.38991539135478,0,6.250891912,0.4,0.758569215610987,0.4,0.114265766890804,0.4,0.04639517319699,4
-0.311356364,0.458304424972368,3.190273,0.55330421972795,0.47705426,0.264733219104,13,-6.027464984,4.07563783898745,12.890382,7.27150016384199,6.975444376,3.093785097216,1,4.844595312,2.6383150748418,14.083892,5.51388858660141,4.886618336,1.720354364672,1,0.463493372,1.12951982673829,3.968426,1.21882643749094,0.531607572,0.795656614176,2,0.008046092,0.227430272923416,1.544417,0.227117525792978,0.113226292,0.108672245632,16,-0.00492638,0.0427804433264597,0.366653,0.0429780744774356,0.024403708,0.02505086736,20,9.0390346029911,1.37376486463986,0,0.311356364,0,6.027464984,0,4.844595312,0.4,0.970010140513445,1.2,0.136088664058894,3.2,0.0278492979063449,4
0.0348117,0.6642679625112,4.235343,0.663851468908216,0.532623684,0.5267753184,4,-2.25602274,4.46725633125741,10.152612,4.99661807786425,4.200650772,4.2729050952,1,6.765429776,2.07053426108756,6.557719,7.07396661935999,6.765429776,1.929446768256,1,0.38893076,0.72897044422736,2.721914,0.824948151702265,0.480770776,0.61253496192,2,-0.04397058,0.167483879869665,1.356826,0.172835350902725,0.095783628,0.10744976352,7,-0.056304576,0.157196534858841,1.266497,0.166679671369606,0.066276648,0.07588152544,9,8.66131258768208,0.656722251452617,0.4,0.691652763625081,0.4,5.87310023958875,0,6.765429776,0.4,0.836125298057184,0.8,0.0984131111572515,0.8,0.0851266976299479,4
0.517396544,1.13681425593215,9.813833,1.24694685116237,0.630393288,0.64143996512,5,-1.429304924,5.56686728977281,13.189656,5.73663350250173,5.050228492,5.244536263232,1,6.056798776,2.8042908847056,14.525621,6.67213628379501,6.056798776,2.49156107488,3,0.501633748,0.963086226150035,3.604971,1.08418695611801,0.681065324,0.800315369344,4,-0.038869424,0.381934111825866,2.92416,0.383146190422403,0.21741416,0.227355337856,7,-0.152722448,0.252122872100474,1.060521,0.294339642231148,0.167341632,0.192940570368,4,8.77605096087117,1.40358566688042,0.8,0.606424987753603,0.4,7.29280442028769,0,6.056798776,0.4,1.13006380001223,3.2,0.184570909531802,0.8,0.247893265035488,4
0.870708928,0.965594048935373,4.508282,1.29875956865347,1.035200176,0.716334124672,12,0.129904584,5.56765227435375,14.243106,5.55802411308806,5.17918016,5.144885349824,1,6.324053976,2.40401889201752,11.22282,6.76386341503181,6.324053976,1.928304263488,1,0.504691664,1.10740768139998,3.590849,1.21497326778965,0.572155688,0.82959271584,2,-0.046802532,0.390132360830812,2.294242,0.392154208103348,0.224814396,0.247968166944,8,-0.09316706,0.186624309528777,0.802319,0.208253257944523,0.103780748,0.13734742112,4,8.75406602843694,1.30437352279063,0.4,0.919689431997957,0.4,6.77147756297835,0,6.324053976,0.4,1.04063228896972,0.8,0.262506430856217,0.4,0.166838438836963,4
-0.136527016,0.8460085231588,2.446874,0.855281898364608,0.756845472,0.7809713712,3,-1.6855467,4.46644460627936,10.272322,4.76554284307245,4.137305036,4.2557827008,1,6.82676444,1.98239485231015,6.977901,7.10766364653762,6.82676444,1.813376016,1,0.41683684,0.724193863798907,2.180729,0.834333192756779,0.451364008,0.59755203488,2,-0.045374256,0.148153439611158,0.610199,0.154662429211156,0.092527504,0.111064817216,2,-0.095766608,0.121725719222254,0.43913,0.154690417690043,0.095796448,0.099582777472,4,8.57314397224678,0.681062436521049,0.4,1.07092731385071,0.4,5.82053737266271,0,6.82676444,0.4,0.791261705802338,0.4,0.139398388211869,0.4,0.133123745473364,5
-0.211479824,0.401356394622818,1.503559,0.452952893402482,0.307094696,0.344102935232,3,-1.583395736,4.68314056646892,11.354502,4.93469557316645,4.197576648,4.324757326208,1,6.691338804,2.13571785342217,6.62715,7.02261066672108,6.691338804,1.905028692288,1,0.48855256,0.609364663256429,1.661927,0.780079223884903,0.513930456,0.54102850304,2,0.00539532,0.0705865430617994,0.376777,0.0706515371317001,0.05302392,0.05061958688,14,-0.047893948,0.0724167337309987,0.300569,0.0867008468585861,0.063199556,0.058763383104,6,8.58589925431814,0.3954831503401,0.4,0.444850043457793,0.4,5.97098741770369,0,6.691338804,0.4,0.782009271836946,0.4,0.049992249126718,0.4,0.0749415207939224,4
